-- member
Insert into HONESTPICK.MEMBER (MEMBERNO,MEMBERNAME,MEMBERID,MEMBERPWD,PHONENUMBER,MEMBEREMAIL,MEMBERIMAGE,MEMBERNICKNAME,ADMIN,MEMBERPOSTALCODE,MEMBERADDR,MEMBERSTREETADDR,MEMBERADDITIONALINFO,MEMBERREGIDATE,MEMBERUPDATE) values (10004,'김정직','hong123','wjdwlr123#','010-5498-7654','honest@gmail.com','ToyStory.jpg|ToyStory.jpg','정직우먼',1,'41253','대구 동구 동대구로 412','105동 101호',' (신천동)',to_date('25/05/31','RR/MM/DD'),to_date('25/07/02','RR/MM/DD'));
Insert into HONESTPICK.MEMBER (MEMBERNO,MEMBERNAME,MEMBERID,MEMBERPWD,PHONENUMBER,MEMBEREMAIL,MEMBERIMAGE,MEMBERNICKNAME,ADMIN,MEMBERPOSTALCODE,MEMBERADDR,MEMBERSTREETADDR,MEMBERADDITIONALINFO,MEMBERREGIDATE,MEMBERUPDATE) values (10020,'창조현상','create0508','wjdwlr123#','010-2345-6789','honest@gmail.com','Shin.jpg|Shin.jpg','두창유발자',2,'41223','대구 동구 동대구로 566','1층',' (신암동)',to_date('25/06/05','RR/MM/DD'),to_date('25/07/02','RR/MM/DD'));
Insert into HONESTPICK.MEMBER (MEMBERNO,MEMBERNAME,MEMBERID,MEMBERPWD,PHONENUMBER,MEMBEREMAIL,MEMBERIMAGE,MEMBERNICKNAME,ADMIN,MEMBERPOSTALCODE,MEMBERADDR,MEMBERSTREETADDR,MEMBERADDITIONALINFO,MEMBERREGIDATE,MEMBERUPDATE) values (10021,'김민수','minsu123','wjdwlr123#','010-1234-5678','minsu123@gmail.com','Totoro4.jpg|Totoro4.jpg','민수야',0,'06234','서울특별시 강남구','테헤란로 123','현대빌딩 501호',to_date('25/06/10','RR/MM/DD'),to_date('25/06/10','RR/MM/DD'));
Insert into HONESTPICK.MEMBER (MEMBERNO,MEMBERNAME,MEMBERID,MEMBERPWD,PHONENUMBER,MEMBEREMAIL,MEMBERIMAGE,MEMBERNICKNAME,ADMIN,MEMBERPOSTALCODE,MEMBERADDR,MEMBERSTREETADDR,MEMBERADDITIONALINFO,MEMBERREGIDATE,MEMBERUPDATE) values (10022,'이지은','jieun456','wjdwlr123#','010-2345-6789','jieun456@naver.com','Gorilla.jpg|Gorilla.jpg','은이',1,'13579','서울특별시 송파구','올림픽로 456','롯데타워 1201호',to_date('25/06/10','RR/MM/DD'),to_date('25/06/10','RR/MM/DD'));
Insert into HONESTPICK.MEMBER (MEMBERNO,MEMBERNAME,MEMBERID,MEMBERPWD,PHONENUMBER,MEMBEREMAIL,MEMBERIMAGE,MEMBERNICKNAME,ADMIN,MEMBERPOSTALCODE,MEMBERADDR,MEMBERSTREETADDR,MEMBERADDITIONALINFO,MEMBERREGIDATE,MEMBERUPDATE) values (10023,'박준호','junho789','wjdwlr123#','010-3456-7890','junho789@daum.net','Pochacco.jpg|Pochacco.jpg','준호짱',0,'48060','부산광역시 해운대구','해운대해변로 789','해운대센텀 302호',to_date('25/06/10','RR/MM/DD'),to_date('25/06/10','RR/MM/DD'));
Insert into HONESTPICK.MEMBER (MEMBERNO,MEMBERNAME,MEMBERID,MEMBERPWD,PHONENUMBER,MEMBEREMAIL,MEMBERIMAGE,MEMBERNICKNAME,ADMIN,MEMBERPOSTALCODE,MEMBERADDR,MEMBERSTREETADDR,MEMBERADDITIONALINFO,MEMBERREGIDATE,MEMBERUPDATE) values (10024,'최서연','seoyeon12','wjdwlr123#','010-4567-8901','seoyeon12@gmail.com','Chopper.jpg|Chopper.jpg','서연이',0,'31234','대전광역시 유성구','대학로 321','유성타워 805호',to_date('25/06/10','RR/MM/DD'),to_date('25/06/10','RR/MM/DD'));
Insert into HONESTPICK.MEMBER (MEMBERNO,MEMBERNAME,MEMBERID,MEMBERPWD,PHONENUMBER,MEMBEREMAIL,MEMBERIMAGE,MEMBERNICKNAME,ADMIN,MEMBERPOSTALCODE,MEMBERADDR,MEMBERSTREETADDR,MEMBERADDITIONALINFO,MEMBERREGIDATE,MEMBERUPDATE) values (10025,'정하늘','sky2024','wjdwlr123#','010-5678-9012','sky2024@hotmail.com','IncMonsters.jpg|IncMonsters.jpg','하늘이',1,'61945','광주광역시 서구','상무대로 654','상무센터 1504호',to_date('25/06/10','RR/MM/DD'),to_date('25/06/10','RR/MM/DD'));
Insert into HONESTPICK.MEMBER (MEMBERNO,MEMBERNAME,MEMBERID,MEMBERPWD,PHONENUMBER,MEMBEREMAIL,MEMBERIMAGE,MEMBERNICKNAME,ADMIN,MEMBERPOSTALCODE,MEMBERADDR,MEMBERSTREETADDR,MEMBERADDITIONALINFO,MEMBERREGIDATE,MEMBERUPDATE) values (10026,'강태우','taewoo88','wjdwlr123#','010-6789-0123','taewoo88@naver.com','Totoro3.jpg|Totoro3.jpg','태우형',0,'42158','대구광역시 수성구','동대구로 987','동대구빌딩 703호',to_date('25/06/10','RR/MM/DD'),to_date('25/06/10','RR/MM/DD'));
Insert into HONESTPICK.MEMBER (MEMBERNO,MEMBERNAME,MEMBERID,MEMBERPWD,PHONENUMBER,MEMBEREMAIL,MEMBERIMAGE,MEMBERNICKNAME,ADMIN,MEMBERPOSTALCODE,MEMBERADDR,MEMBERSTREETADDR,MEMBERADDITIONALINFO,MEMBERREGIDATE,MEMBERUPDATE) values (10027,'윤소희','sohee91','wjdwlr123#','010-7890-1234','sohee91@gmail.com','Pochacco2.jpg|Pochacco2.jpg','소희야',0,'22689','인천광역시 연수구','송도국제로 147','송도타워 406호',to_date('25/06/10','RR/MM/DD'),to_date('25/06/10','RR/MM/DD'));
Insert into HONESTPICK.MEMBER (MEMBERNO,MEMBERNAME,MEMBERID,MEMBERPWD,PHONENUMBER,MEMBEREMAIL,MEMBERIMAGE,MEMBERNICKNAME,ADMIN,MEMBERPOSTALCODE,MEMBERADDR,MEMBERSTREETADDR,MEMBERADDITIONALINFO,MEMBERREGIDATE,MEMBERUPDATE) values (10028,'신동현','donghyun','wjdwlr123#','010-8901-2345','donghyun@daum.net','Olaf.jpg|Olaf.jpg','동현',0,'16229','경기도 수원시','영통로 258','영통센터 902호',to_date('25/06/10','RR/MM/DD'),to_date('25/06/10','RR/MM/DD'));
Insert into HONESTPICK.MEMBER (MEMBERNO,MEMBERNAME,MEMBERID,MEMBERPWD,PHONENUMBER,MEMBEREMAIL,MEMBERIMAGE,MEMBERNICKNAME,ADMIN,MEMBERPOSTALCODE,MEMBERADDR,MEMBERSTREETADDR,MEMBERADDITIONALINFO,MEMBERREGIDATE,MEMBERUPDATE) values (10029,'오예린','yerin123','wjdwlr123#','010-9012-3456','yerin123@naver.com','ToyStory.jpg|ToyStory.jpg','예린이',1,'24356','강원도 춘천시','춘천로 369','춘천빌딩 205호',to_date('25/06/10','RR/MM/DD'),to_date('25/06/10','RR/MM/DD'));
Insert into HONESTPICK.MEMBER (MEMBERNO,MEMBERNAME,MEMBERID,MEMBERPWD,PHONENUMBER,MEMBEREMAIL,MEMBERIMAGE,MEMBERNICKNAME,ADMIN,MEMBERPOSTALCODE,MEMBERADDR,MEMBERSTREETADDR,MEMBERADDITIONALINFO,MEMBERREGIDATE,MEMBERUPDATE) values (10030,'한지우','jiwoo456','wjdwlr123#','010-0123-4567','jiwoo456@gmail.com','Jerry2.jpg|Jerry2.jpg','지우',0,'63248','제주특별자치도 제주시','제주로 741','제주타워 601호',to_date('25/06/10','RR/MM/DD'),to_date('25/06/10','RR/MM/DD'));
Insert into HONESTPICK.MEMBER (MEMBERNO,MEMBERNAME,MEMBERID,MEMBERPWD,PHONENUMBER,MEMBEREMAIL,MEMBERIMAGE,MEMBERNICKNAME,ADMIN,MEMBERPOSTALCODE,MEMBERADDR,MEMBERSTREETADDR,MEMBERADDITIONALINFO,MEMBERREGIDATE,MEMBERUPDATE) values (10031,'김수빈','subin789','wjdwlr123#','010-1357-2468','subin789@hotmail.com','Jerry3.jpg|Jerry3.jpg','수빈이',0,'35789','충청북도 청주시','청주대로 852','청주센터 304호',to_date('25/06/10','RR/MM/DD'),to_date('25/06/10','RR/MM/DD'));
Insert into HONESTPICK.MEMBER (MEMBERNO,MEMBERNAME,MEMBERID,MEMBERPWD,PHONENUMBER,MEMBEREMAIL,MEMBERIMAGE,MEMBERNICKNAME,ADMIN,MEMBERPOSTALCODE,MEMBERADDR,MEMBERSTREETADDR,MEMBERADDITIONALINFO,MEMBERREGIDATE,MEMBERUPDATE) values (10032,'이승훈','seunghun','wjdwlr123#','010-2468-1357','seunghun@daum.net','Crab.jpg|Crab.jpg','승훈형',0,'54123','전라북도 전주시','전주로 963','전주빌딩 707호',to_date('25/06/10','RR/MM/DD'),to_date('25/06/10','RR/MM/DD'));
Insert into HONESTPICK.MEMBER (MEMBERNO,MEMBERNAME,MEMBERID,MEMBERPWD,PHONENUMBER,MEMBEREMAIL,MEMBERIMAGE,MEMBERNICKNAME,ADMIN,MEMBERPOSTALCODE,MEMBERADDR,MEMBERSTREETADDR,MEMBERADDITIONALINFO,MEMBERREGIDATE,MEMBERUPDATE) values (10033,'박가은','gaeun12','wjdwlr123#','010-3579-0246','gaeun12@naver.com','Koala.jpg|Koala.jpg','가은',1,'58741','전라남도 목포시','목포대로 147','목포타워 1102호',to_date('25/06/10','RR/MM/DD'),to_date('25/06/10','RR/MM/DD'));
Insert into HONESTPICK.MEMBER (MEMBERNO,MEMBERNAME,MEMBERID,MEMBERPWD,PHONENUMBER,MEMBEREMAIL,MEMBERIMAGE,MEMBERNICKNAME,ADMIN,MEMBERPOSTALCODE,MEMBERADDR,MEMBERSTREETADDR,MEMBERADDITIONALINFO,MEMBERREGIDATE,MEMBERUPDATE) values (10034,'조현우','hyunwoo','wjdwlr123#','010-4680-1357','hyunwoo@gmail.com','Totoro6.jpg|Totoro6.jpg','현우야',0,'38425','경상북도 포항시','포항로 258','포항센터 506호',to_date('25/06/10','RR/MM/DD'),to_date('25/06/10','RR/MM/DD'));
Insert into HONESTPICK.MEMBER (MEMBERNO,MEMBERNAME,MEMBERID,MEMBERPWD,PHONENUMBER,MEMBEREMAIL,MEMBERIMAGE,MEMBERNICKNAME,ADMIN,MEMBERPOSTALCODE,MEMBERADDR,MEMBERSTREETADDR,MEMBERADDITIONALINFO,MEMBERREGIDATE,MEMBERUPDATE) values (10035,'장미래','mirae789','wjdwlr123#','010-5791-3680','mirae789@hotmail.com','Florkofcows.jpg|Florkofcows.jpg','미래',0,'52963','경상남도 창원시','창원대로 741','창원빌딩 803호',to_date('25/06/10','RR/MM/DD'),to_date('25/06/10','RR/MM/DD'));
Insert into HONESTPICK.MEMBER (MEMBERNO,MEMBERNAME,MEMBERID,MEMBERPWD,PHONENUMBER,MEMBEREMAIL,MEMBERIMAGE,MEMBERNICKNAME,ADMIN,MEMBERPOSTALCODE,MEMBERADDR,MEMBERSTREETADDR,MEMBERADDITIONALINFO,MEMBERREGIDATE,MEMBERUPDATE) values (10036,'서정민','jungmin','wjdwlr123#','010-6802-4791','jungmin@daum.net','Sultan.jpg|Sultan.jpg','정민이',0,'33157','충청남도 천안시','천안로 369','천안타워 409호',to_date('25/06/10','RR/MM/DD'),to_date('25/06/10','RR/MM/DD'));
Insert into HONESTPICK.MEMBER (MEMBERNO,MEMBERNAME,MEMBERID,MEMBERPWD,PHONENUMBER,MEMBEREMAIL,MEMBERIMAGE,MEMBERNICKNAME,ADMIN,MEMBERPOSTALCODE,MEMBERADDR,MEMBERSTREETADDR,MEMBERADDITIONALINFO,MEMBERREGIDATE,MEMBERUPDATE) values (10037,'임나연','nayeon56','wjdwlr123#','010-7913-5802','nayeon56@naver.com','Tom.jpg|Tom.jpg','나연',1,'26741','강원도 강릉시','강릉로 852','강릉센터 702호',to_date('25/06/10','RR/MM/DD'),to_date('25/06/10','RR/MM/DD'));
Insert into HONESTPICK.MEMBER (MEMBERNO,MEMBERNAME,MEMBERID,MEMBERPWD,PHONENUMBER,MEMBEREMAIL,MEMBERIMAGE,MEMBERNICKNAME,ADMIN,MEMBERPOSTALCODE,MEMBERADDR,MEMBERSTREETADDR,MEMBERADDITIONALINFO,MEMBERREGIDATE,MEMBERUPDATE) values (10038,'권민재','minjae12','wjdwlr123#','010-8024-6913','minjae12@gmail.com','Miffy.jpg|Miffy.jpg','민재형',0,'10234','서울특별시 마포구','홍대로 147','홍대빌딩 1003호',to_date('25/06/10','RR/MM/DD'),to_date('25/06/10','RR/MM/DD'));
Insert into HONESTPICK.MEMBER (MEMBERNO,MEMBERNAME,MEMBERID,MEMBERPWD,PHONENUMBER,MEMBEREMAIL,MEMBERIMAGE,MEMBERNICKNAME,ADMIN,MEMBERPOSTALCODE,MEMBERADDR,MEMBERSTREETADDR,MEMBERADDITIONALINFO,MEMBERREGIDATE,MEMBERUPDATE) values (10039,'유다인','dain789','wjdwlr123#','010-9135-7024','dain789@hotmail.com','Miffy.jpg|Miffy.jpg','다인이',0,'21456','인천광역시 부평구','부평로 963','부평타워 605호',to_date('25/06/10','RR/MM/DD'),to_date('25/06/10','RR/MM/DD'));
Insert into HONESTPICK.MEMBER (MEMBERNO,MEMBERNAME,MEMBERID,MEMBERPWD,PHONENUMBER,MEMBEREMAIL,MEMBERIMAGE,MEMBERNICKNAME,ADMIN,MEMBERPOSTALCODE,MEMBERADDR,MEMBERSTREETADDR,MEMBERADDITIONALINFO,MEMBERREGIDATE,MEMBERUPDATE) values (10040,'홍석진','seokjin','wjdwlr123#','010-0246-8135','seokjin@daum.net','Pooh.jpg|Pooh.jpg','석진',0,'41789','대구광역시 달서구','달서로 258','달서센터 807호',to_date('25/06/10','RR/MM/DD'),to_date('25/06/10','RR/MM/DD'));
Insert into HONESTPICK.MEMBER (MEMBERNO,MEMBERNAME,MEMBERID,MEMBERPWD,PHONENUMBER,MEMBEREMAIL,MEMBERIMAGE,MEMBERNICKNAME,ADMIN,MEMBERPOSTALCODE,MEMBERADDR,MEMBERSTREETADDR,MEMBERADDITIONALINFO,MEMBERREGIDATE,MEMBERUPDATE) values (10041,'노아름','areum123','wjdwlr123#','010-1357-9246','areum123@naver.com','Chopper.jpg|Chopper.jpg','아름',0,'34567','대전광역시 서구','서대전로 741','서대전빌딩 404호',to_date('25/06/10','RR/MM/DD'),to_date('25/06/10','RR/MM/DD'));
Insert into HONESTPICK.MEMBER (MEMBERNO,MEMBERNAME,MEMBERID,MEMBERPWD,PHONENUMBER,MEMBEREMAIL,MEMBERIMAGE,MEMBERNICKNAME,ADMIN,MEMBERPOSTALCODE,MEMBERADDR,MEMBERSTREETADDR,MEMBERADDITIONALINFO,MEMBERREGIDATE,MEMBERUPDATE) values (10042,'송하진','hajin456','wjdwlr123#','010-2468-0357','hajin456@gmail.com','Duck.jpg|Duck.jpg','하진이',1,'60125','광주광역시 북구','북광주로 369','북광주타워 901호',to_date('25/06/10','RR/MM/DD'),to_date('25/06/10','RR/MM/DD'));
Insert into HONESTPICK.MEMBER (MEMBERNO,MEMBERNAME,MEMBERID,MEMBERPWD,PHONENUMBER,MEMBEREMAIL,MEMBERIMAGE,MEMBERNICKNAME,ADMIN,MEMBERPOSTALCODE,MEMBERADDR,MEMBERSTREETADDR,MEMBERADDITIONALINFO,MEMBERREGIDATE,MEMBERUPDATE) values (10043,'백시현','sihyun89','wjdwlr123#','010-3579-1468','sihyun89@hotmail.com','Duck2.jpg|Duck2.jpg','시현',0,'44852','울산광역시 남구','울산로 852','울산센터 503호',to_date('25/06/10','RR/MM/DD'),to_date('25/06/10','RR/MM/DD'));
Insert into HONESTPICK.MEMBER (MEMBERNO,MEMBERNAME,MEMBERID,MEMBERPWD,PHONENUMBER,MEMBEREMAIL,MEMBERIMAGE,MEMBERNICKNAME,ADMIN,MEMBERPOSTALCODE,MEMBERADDR,MEMBERSTREETADDR,MEMBERADDITIONALINFO,MEMBERREGIDATE,MEMBERUPDATE) values (10044,'전보민','bomin12','wjdwlr123#','010-4680-2579','bomin12@daum.net','Jerry2.jpg|Jerry2.jpg','보민이',0,'28147','충청북도 충주시','충주로 147','충주빌딩 606호',to_date('25/06/10','RR/MM/DD'),to_date('25/06/10','RR/MM/DD'));
Insert into HONESTPICK.MEMBER (MEMBERNO,MEMBERNAME,MEMBERID,MEMBERPWD,PHONENUMBER,MEMBEREMAIL,MEMBERIMAGE,MEMBERNICKNAME,ADMIN,MEMBERPOSTALCODE,MEMBERADDR,MEMBERSTREETADDR,MEMBERADDITIONALINFO,MEMBERREGIDATE,MEMBERUPDATE) values (10045,'고유진','yujin345','wjdwlr123#','010-5791-3680','yujin345@naver.com','Pooh2.jpg|Pooh2.jpg','유진',0,'56789','전라북도 익산시','익산로 963','익산타워 1205호',to_date('25/06/10','RR/MM/DD'),to_date('25/06/10','RR/MM/DD'));
Insert into HONESTPICK.MEMBER (MEMBERNO,MEMBERNAME,MEMBERID,MEMBERPWD,PHONENUMBER,MEMBEREMAIL,MEMBERIMAGE,MEMBERNICKNAME,ADMIN,MEMBERPOSTALCODE,MEMBERADDR,MEMBERSTREETADDR,MEMBERADDITIONALINFO,MEMBERREGIDATE,MEMBERUPDATE) values (10046,'남채원','chaewon','wjdwlr123#','010-6802-4791','chaewon@gmail.com','Pochacco3.jpg|Pochacco3.jpg','채원이',0,'57423','전라남도 순천시','순천로 258','순천센터 708호',to_date('25/06/10','RR/MM/DD'),to_date('25/06/10','RR/MM/DD'));
Insert into HONESTPICK.MEMBER (MEMBERNO,MEMBERNAME,MEMBERID,MEMBERPWD,PHONENUMBER,MEMBEREMAIL,MEMBERIMAGE,MEMBERNICKNAME,ADMIN,MEMBERPOSTALCODE,MEMBERADDR,MEMBERSTREETADDR,MEMBERADDITIONALINFO,MEMBERREGIDATE,MEMBERUPDATE) values (10047,'변준수','junsu678','wjdwlr123#','010-7913-5802','junsu678@hotmail.com','Genie.jpg|Genie.jpg','준수',1,'39654','경상북도 구미시','구미로 741','구미빌딩 405호',to_date('25/06/10','RR/MM/DD'),to_date('25/06/10','RR/MM/DD'));
Insert into HONESTPICK.MEMBER (MEMBERNO,MEMBERNAME,MEMBERID,MEMBERPWD,PHONENUMBER,MEMBEREMAIL,MEMBERIMAGE,MEMBERNICKNAME,ADMIN,MEMBERPOSTALCODE,MEMBERADDR,MEMBERSTREETADDR,MEMBERADDITIONALINFO,MEMBERREGIDATE,MEMBERUPDATE) values (10048,'안소연','soyeon91','wjdwlr123#','010-8024-6913','soyeon91@daum.net','Jerry2.jpg|Jerry2.jpg','소연',0,'50147','경상남도 김해시','김해로 369','김해타워 1001호',to_date('25/06/10','RR/MM/DD'),to_date('25/06/10','RR/MM/DD'));
Insert into HONESTPICK.MEMBER (MEMBERNO,MEMBERNAME,MEMBERID,MEMBERPWD,PHONENUMBER,MEMBEREMAIL,MEMBERIMAGE,MEMBERNICKNAME,ADMIN,MEMBERPOSTALCODE,MEMBERADDR,MEMBERSTREETADDR,MEMBERADDITIONALINFO,MEMBERREGIDATE,MEMBERUPDATE) values (10049,'문재현','jaehyun','wjdwlr123#','010-9135-7024','jaehyun@naver.com','Pooh.jpg|Pooh.jpg','재현형',0,'36258','충청남도 아산시','아산로 852','아산센터 302호',to_date('25/06/10','RR/MM/DD'),to_date('25/06/10','RR/MM/DD'));
Insert into HONESTPICK.MEMBER (MEMBERNO,MEMBERNAME,MEMBERID,MEMBERPWD,PHONENUMBER,MEMBEREMAIL,MEMBERIMAGE,MEMBERNICKNAME,ADMIN,MEMBERPOSTALCODE,MEMBERADDR,MEMBERSTREETADDR,MEMBERADDITIONALINFO,MEMBERREGIDATE,MEMBERUPDATE) values (10050,'황예나','yena234','wjdwlr123#','010-0246-8135','yena234@gmail.com','Totoro4.jpg|Totoro4.jpg','예나야',0,'25963','강원도 원주시','원주로 147','원주빌딩 904호',to_date('25/06/10','RR/MM/DD'),to_date('25/06/10','RR/MM/DD'));
Insert into HONESTPICK.MEMBER (MEMBERNO,MEMBERNAME,MEMBERID,MEMBERPWD,PHONENUMBER,MEMBEREMAIL,MEMBERIMAGE,MEMBERNICKNAME,ADMIN,MEMBERPOSTALCODE,MEMBERADDR,MEMBERSTREETADDR,MEMBERADDITIONALINFO,MEMBERREGIDATE,MEMBERUPDATE) values (10055,'김다인','dain123','wjdwlr123#','010-8789-5874','dain@gmail.com','Shin.jpg|Shin1.jpg','다인다인이',0,'41253','대구 동구 동대구로 422','101동 502호',' (신천동)',to_date('25/07/02','RR/MM/DD'),to_date('25/07/02','RR/MM/DD'));
--------------------------------------------------
-- store
Insert into HONESTPICK.STORE (STORENO,MEMBERNO,STORECATEGORY,STORENAME,OFFICENAME,STORECONTACT,STOREPOSTALCODE,STOREADDR,STORESTREETADDR,STOREADDITIONALINFO,STOREBUSINESSNUM,STOREIMAGE,STORESCHEDULE,STORECOMMENT,STOREFACILITIES,STOREREGIDATE,STOREUPDATE,MEMBERSHIP) values (1003,10033,'한식','한솥도시락 동대구역점','한솥도시락','053-985-6468','41261','대구 동구','103동 1103호',' (신천동)','456-12-35465','Hansot.jpg|Hansot.jpg','월 09:00-22:00, 화 09:00-22:00, 수 09:00-22:00, 목 09:00-22:00, 금 09:00-22:00, 토 09:00-22:00, 일 휴무','맛있어요','주차 가능, 예약 가능',to_date('25/05/31','RR/MM/DD'),to_date('25/07/02','RR/MM/DD'),to_date('25/07/01','RR/MM/DD'));
Insert into HONESTPICK.STORE (STORENO,MEMBERNO,STORECATEGORY,STORENAME,OFFICENAME,STORECONTACT,STOREPOSTALCODE,STOREADDR,STORESTREETADDR,STOREADDITIONALINFO,STOREBUSINESSNUM,STOREIMAGE,STORESCHEDULE,STORECOMMENT,STOREFACILITIES,STOREREGIDATE,STOREUPDATE,MEMBERSHIP) values (1020,10033,'아시안','카랩 카레연구소','카레연구소','053-684-6846','41261','대구 동구 동대구로 417','103동 1101호',' (신천동)','456-13-54845','currylab.jpg|currylab.jpg','월 09:00-22:00, 화 09:00-22:00, 수 09:00-22:00, 목 09:00-22:00, 금 09:00-22:00, 토 09:00-22:00, 일 휴무','양파카레 드세요','예약 가능, 배달 가능, 무선 인터넷',to_date('25/06/02','RR/MM/DD'),to_date('25/06/02','RR/MM/DD'),to_date('25/06/14','RR/MM/DD'));
Insert into HONESTPICK.STORE (STORENO,MEMBERNO,STORECATEGORY,STORENAME,OFFICENAME,STORECONTACT,STOREPOSTALCODE,STOREADDR,STORESTREETADDR,STOREADDITIONALINFO,STOREBUSINESSNUM,STOREIMAGE,STORESCHEDULE,STORECOMMENT,STOREFACILITIES,STOREREGIDATE,STOREUPDATE,MEMBERSHIP) values (1021,10022,'한식','맛나감자탕 강남점','맛나감자탕','02-555-1234','06234','서울특별시 강남구','테헤란로 145','1층','123-45-67890','matna_gamjatang.jpg|matna_gamjatang.jpg','월 11:00-23:00, 화 11:00-23:00, 수 11:00-23:00, 목 11:00-23:00, 금 11:00-24:00, 토 11:00-24:00, 일 11:00-22:00','진짜 맛있는 감자탕집입니다! 24시간 우린 사골육수로 만든 진짜 감자탕 드셔보세요. 주차는 건물 지하주차장 이용 가능합니다.','테라스 좌석, 단체석, 키즈 존',to_date('25/06/10','RR/MM/DD'),to_date('25/06/10','RR/MM/DD'),to_date('25/06/14','RR/MM/DD'));
Insert into HONESTPICK.STORE (STORENO,MEMBERNO,STORECATEGORY,STORENAME,OFFICENAME,STORECONTACT,STOREPOSTALCODE,STOREADDR,STORESTREETADDR,STOREADDITIONALINFO,STOREBUSINESSNUM,STOREIMAGE,STORESCHEDULE,STORECOMMENT,STOREFACILITIES,STOREREGIDATE,STOREUPDATE,MEMBERSHIP) values (1022,10022,'카페','스타벅스 역삼점','스타벅스코리아','02-777-5678','06234','서울특별시 강남구','역삼로 234','2층','234-56-78901','starbucks.jpg|starbucks.jpg','월 06:30-22:00, 화 06:30-22:00, 수 06:30-22:00, 목 06:30-22:00, 금 06:30-22:00, 토 07:00-22:00, 일 07:00-21:00','아침 일찍부터 저녁 늦게까지 운영하는 카페입니다. 와이파이 무료, 콘센트 많아서 공부하기 좋아요!','포장 가능, 무선 인터넷',to_date('25/06/10','RR/MM/DD'),to_date('25/06/10','RR/MM/DD'),to_date('25/06/14','RR/MM/DD'));
Insert into HONESTPICK.STORE (STORENO,MEMBERNO,STORECATEGORY,STORENAME,OFFICENAME,STORECONTACT,STOREPOSTALCODE,STOREADDR,STORESTREETADDR,STOREADDITIONALINFO,STOREBUSINESSNUM,STOREIMAGE,STORESCHEDULE,STORECOMMENT,STOREFACILITIES,STOREREGIDATE,STOREUPDATE,MEMBERSHIP) values (1023,10025,'중식','홍콩반점 유성점','홍콩반점','042-888-9012','34126','대전광역시 유성구','대학로 567','1층','345-67-89012','hongkong.jpg|hongkong.jpg','월 11:30-21:30, 화 11:30-21:30, 수 11:30-21:30, 목 11:30-21:30, 금 11:30-22:00, 토 11:30-22:00, 일 휴무','정통 중식 요리 전문점입니다. 짜장면, 짬뽕, 탕수육 모두 맛있어요! 일요일은 휴무이니 참고해주세요.','주차 가능, 단체석, 24시간 운영',to_date('25/06/10','RR/MM/DD'),to_date('25/06/10','RR/MM/DD'),to_date('25/06/14','RR/MM/DD'));
Insert into HONESTPICK.STORE (STORENO,MEMBERNO,STORECATEGORY,STORENAME,OFFICENAME,STORECONTACT,STOREPOSTALCODE,STOREADDR,STORESTREETADDR,STOREADDITIONALINFO,STOREBUSINESSNUM,STOREIMAGE,STORESCHEDULE,STORECOMMENT,STOREFACILITIES,STOREREGIDATE,STOREUPDATE,MEMBERSHIP) values (1024,10025,'베이커리','파리바게뜨 유성점','파리바게뜨','042-333-4567','34129','대전광역시 유성구','온천로 789','1층','456-78-90123','paris_baguette.jpg|paris_baguette.jpg','월 07:00-22:00, 화 07:00-22:00, 수 07:00-22:00, 목 07:00-22:00, 금 07:00-22:00, 토 07:00-22:00, 일 08:00-21:00','갓 구운 빵과 케이크를 만날 수 있는 베이커리입니다. 생일케이크 주문 받습니다!','포장 가능, 배달 가능, 24시간 운영',to_date('25/06/10','RR/MM/DD'),to_date('25/06/10','RR/MM/DD'),to_date('25/06/14','RR/MM/DD'));
Insert into HONESTPICK.STORE (STORENO,MEMBERNO,STORECATEGORY,STORENAME,OFFICENAME,STORECONTACT,STOREPOSTALCODE,STOREADDR,STORESTREETADDR,STOREADDITIONALINFO,STOREBUSINESSNUM,STOREIMAGE,STORESCHEDULE,STORECOMMENT,STOREFACILITIES,STOREREGIDATE,STOREUPDATE,MEMBERSHIP) values (1025,10029,'일식','스시로 춘천점','스시로','033-444-7890','24356','강원도 춘천시','춘천로 456','2층','567-89-01234','sushiro.jpg|sushiro.jpg','월 11:00-22:00, 화 11:00-22:00, 수 11:00-22:00, 목 11:00-22:00, 금 11:00-22:30, 토 11:00-22:30, 일 11:00-21:30','회전초밥 전문점입니다. 신선한 초밥을 저렴한 가격에 즐기세요. 대기시간 안내 앱을 이용해주세요!','단체석, 키즈 존, 반려동물 동반',to_date('25/06/10','RR/MM/DD'),to_date('25/06/10','RR/MM/DD'),to_date('25/06/14','RR/MM/DD'));
Insert into HONESTPICK.STORE (STORENO,MEMBERNO,STORECATEGORY,STORENAME,OFFICENAME,STORECONTACT,STOREPOSTALCODE,STOREADDR,STORESTREETADDR,STOREADDITIONALINFO,STOREBUSINESSNUM,STOREIMAGE,STORESCHEDULE,STORECOMMENT,STOREFACILITIES,STOREREGIDATE,STOREUPDATE,MEMBERSHIP) values (1026,10029,'분식','김밥천국 춘천중앙점','김밥천국','033-555-1234','24358','강원도 춘천시','중앙로 123','1층','678-90-12345','gimbap_heaven.jpg|gimbap_heaven.jpg','월 07:00-23:00, 화 07:00-23:00, 수 07:00-23:00, 목 07:00-23:00, 금 07:00-24:00, 토 07:00-24:00, 일 08:00-22:00','24시간 가까이 운영하는 분식집입니다. 김밥, 라면, 떡볶이 모두 맛있어요. 배달도 가능합니다!','테라스 좌석, 단체석, 반려동물 동반',to_date('25/06/10','RR/MM/DD'),to_date('25/06/10','RR/MM/DD'),to_date('25/06/14','RR/MM/DD'));
Insert into HONESTPICK.STORE (STORENO,MEMBERNO,STORECATEGORY,STORENAME,OFFICENAME,STORECONTACT,STOREPOSTALCODE,STOREADDR,STORESTREETADDR,STOREADDITIONALINFO,STOREBUSINESSNUM,STOREIMAGE,STORESCHEDULE,STORECOMMENT,STOREFACILITIES,STOREREGIDATE,STOREUPDATE,MEMBERSHIP) values (1027,10033,'양식','아웃백 목포점','아웃백스테이크하우스','061-666-7890','전남 무안군 삼향읍','남악4로','중앙프라자 2층','(남악리)','789-01-23456','outback.jpg|outback.jpg','월 11:30-22:00, 화 11:30-22:00, 수 11:30-22:00, 목 11:30-22:00, 금 11:30-22:30, 토 11:30-22:30, 일 11:30-21:30','정통 호주식 스테이크 전문점입니다. 블루밍 어니언과 스테이크가 유명해요. 가족 모임에 최적!','예약 가능, 단체석',to_date('25/06/10','RR/MM/DD'),to_date('25/06/10','RR/MM/DD'),to_date('25/06/14','RR/MM/DD'));
Insert into HONESTPICK.STORE (STORENO,MEMBERNO,STORECATEGORY,STORENAME,OFFICENAME,STORECONTACT,STOREPOSTALCODE,STOREADDR,STORESTREETADDR,STOREADDITIONALINFO,STOREBUSINESSNUM,STOREIMAGE,STORESCHEDULE,STORECOMMENT,STOREFACILITIES,STOREREGIDATE,STOREUPDATE,MEMBERSHIP) values (1028,10033,'술집','호프집 목포항구','목포항구호프','061-777-0123','58743','전라남도 목포시','해안로 567','1층','890-12-34567','beerpub.jpg|beerpub.jpg','월 17:00-02:00, 화 17:00-02:00, 수 17:00-02:00, 목 17:00-02:00, 금 17:00-03:00, 토 17:00-03:00, 일 휴무','목포 바다를 보며 마시는 맥주 맛집입니다. 신선한 회와 함께 즐기는 소주 한 잔! 일요일은 휴무입니다.','포장 가능, 무선 인터넷',to_date('25/06/10','RR/MM/DD'),to_date('25/06/10','RR/MM/DD'),to_date('25/06/14','RR/MM/DD'));
Insert into HONESTPICK.STORE (STORENO,MEMBERNO,STORECATEGORY,STORENAME,OFFICENAME,STORECONTACT,STOREPOSTALCODE,STOREADDR,STORESTREETADDR,STOREADDITIONALINFO,STOREBUSINESSNUM,STOREIMAGE,STORESCHEDULE,STORECOMMENT,STOREFACILITIES,STOREREGIDATE,STOREUPDATE,MEMBERSHIP) values (1029,10037,'아시안','쌀국수 하노이 강릉점','하노이쌀국수','033-888-2468','26741','강원도 강릉시','강릉로 890','1층','901-23-45678','hanoi.jpg|hanoi.jpg','월 11:00-21:00, 화 11:00-21:00, 수 11:00-21:00, 목 11:00-21:00, 금 11:00-21:30, 토 11:00-21:30, 일 11:00-20:30','정통 베트남 쌀국수 전문점입니다. 진한 육수와 신선한 야채가 일품이에요. 파인애플 볶음밥도 추천!','주차 가능, 단체석, 24시간 운영',to_date('25/06/10','RR/MM/DD'),to_date('25/06/10','RR/MM/DD'),to_date('25/06/14','RR/MM/DD'));
Insert into HONESTPICK.STORE (STORENO,MEMBERNO,STORECATEGORY,STORENAME,OFFICENAME,STORECONTACT,STOREPOSTALCODE,STOREADDR,STORESTREETADDR,STOREADDITIONALINFO,STOREBUSINESSNUM,STOREIMAGE,STORESCHEDULE,STORECOMMENT,STOREFACILITIES,STOREREGIDATE,STOREUPDATE,MEMBERSHIP) values (1030,10037,'샐러드','샐러디 강릉경포점','샐러디','033-999-1357','26744','강원도 강릉시','경포로 123','1층','012-34-56789','salady.jpg|salady.jpg','월 08:00-21:00, 화 08:00-21:00, 수 08:00-21:00, 목 08:00-21:00, 금 08:00-21:00, 토 09:00-20:00, 일 09:00-20:00','신선한 샐러드와 건강한 식단 전문점입니다. 다이어트 하시는 분들께 추천! 단백질 샐러드가 인기메뉴예요.','배달 가능, 키즈 존, 무선 인터넷',to_date('25/06/10','RR/MM/DD'),to_date('25/06/10','RR/MM/DD'),to_date('25/06/14','RR/MM/DD'));
Insert into HONESTPICK.STORE (STORENO,MEMBERNO,STORECATEGORY,STORENAME,OFFICENAME,STORECONTACT,STOREPOSTALCODE,STOREADDR,STORESTREETADDR,STOREADDITIONALINFO,STOREBUSINESSNUM,STOREIMAGE,STORESCHEDULE,STORECOMMENT,STOREFACILITIES,STOREREGIDATE,STOREUPDATE,MEMBERSHIP) values (1031,10042,'간식','호떡이야기 북광주점','호떡이야기','062-111-2468','60125','광주광역시 북구','북광주로 456','1층','123-45-67891','hotteok_story.jpg|hotteok_story.jpg','월 10:00-22:00, 화 10:00-22:00, 수 10:00-22:00, 목 10:00-22:00, 금 10:00-23:00, 토 10:00-23:00, 일 11:00-21:00','달콤한 호떡과 군것질거리 전문점입니다. 씨앗호떡, 견과류호떡 등 다양한 맛을 즐기세요!','예약 가능, 24시간 운영',to_date('25/06/10','RR/MM/DD'),to_date('25/06/10','RR/MM/DD'),to_date('25/06/14','RR/MM/DD'));
Insert into HONESTPICK.STORE (STORENO,MEMBERNO,STORECATEGORY,STORENAME,OFFICENAME,STORECONTACT,STOREPOSTALCODE,STOREADDR,STORESTREETADDR,STOREADDITIONALINFO,STOREBUSINESSNUM,STOREIMAGE,STORESCHEDULE,STORECOMMENT,STOREFACILITIES,STOREREGIDATE,STOREUPDATE,MEMBERSHIP) values (1032,10042,'디저트','설빙 광주충장점','설빙','062-222-3579','60127','광주광역시 북구','충장로 789','2층','234-56-78902','sulbing.jpg|sulbing.jpg','월 11:00-23:00, 화 11:00-23:00, 수 11:00-23:00, 목 11:00-23:00, 금 11:00-24:00, 토 11:00-24:00, 일 11:00-22:00','팥빙수와 디저트 전문점입니다. 인절미 설빙이 시그니처 메뉴예요. 여름엔 빙수, 겨울엔 붕어빵!','포장 가능, 반려동물 동반',to_date('25/06/10','RR/MM/DD'),to_date('25/06/10','RR/MM/DD'),to_date('25/06/14','RR/MM/DD'));
Insert into HONESTPICK.STORE (STORENO,MEMBERNO,STORECATEGORY,STORENAME,OFFICENAME,STORECONTACT,STOREPOSTALCODE,STOREADDR,STORESTREETADDR,STOREADDITIONALINFO,STOREBUSINESSNUM,STOREIMAGE,STORESCHEDULE,STORECOMMENT,STOREFACILITIES,STOREREGIDATE,STOREUPDATE,MEMBERSHIP) values (1033,10047,'한식','백반집 구미본점','구미백반','054-333-4680','39654','경상북도 구미시','구미로 123','1층','345-67-89013','baekban_house.jpg|baekban_house.jpg','월 07:00-21:00, 화 07:00-21:00, 수 07:00-21:00, 목 07:00-21:00, 금 07:00-21:00, 토 08:00-20:00, 일 휴무','정갈한 한식 백반 전문점입니다. 아침 일찍부터 영업해서 아침식사도 가능해요. 반찬 리필 무료!','주차 가능, 배달 가능',to_date('25/06/10','RR/MM/DD'),to_date('25/06/10','RR/MM/DD'),to_date('25/06/14','RR/MM/DD'));
Insert into HONESTPICK.STORE (STORENO,MEMBERNO,STORECATEGORY,STORENAME,OFFICENAME,STORECONTACT,STOREPOSTALCODE,STOREADDR,STORESTREETADDR,STOREADDITIONALINFO,STOREBUSINESSNUM,STOREIMAGE,STORESCHEDULE,STORECOMMENT,STOREFACILITIES,STOREREGIDATE,STOREUPDATE,MEMBERSHIP) values (1034,10047,'카페','이디야커피 구미인동점','이디야커피','054-444-5791','39656','경상북도 구미시','인동로 456','1층','456-78-90124','ediya.jpg|ediya.jpg','월 07:00-22:00, 화 07:00-22:00, 수 07:00-22:00, 목 07:00-22:00, 금 07:00-22:00, 토 08:00-22:00, 일 08:00-21:00','저렴한 가격의 커피 전문점입니다. 아메리카노 1900원! 학생들이 공부하기 좋은 조용한 분위기예요.','단체석, 키즈 존, 무선 인터넷',to_date('25/06/10','RR/MM/DD'),to_date('25/06/10','RR/MM/DD'),to_date('25/06/14','RR/MM/DD'));
Insert into HONESTPICK.STORE (STORENO,MEMBERNO,STORECATEGORY,STORENAME,OFFICENAME,STORECONTACT,STOREPOSTALCODE,STOREADDR,STORESTREETADDR,STOREADDITIONALINFO,STOREBUSINESSNUM,STOREIMAGE,STORESCHEDULE,STORECOMMENT,STOREFACILITIES,STOREREGIDATE,STOREUPDATE,MEMBERSHIP) values (1054,10004,'한식','엽기떡볶이 아산충무점','동대문엽기떡볶이','053-985-1265','31514','충남 아산시 충무로20번길 8','2층',' (온천동)','456-12-65485','hot_food.jpg|hot_food1.jpg','월 09:00-22:00, 화 09:00-22:00, 수 휴무, 목 09:00-22:00, 금 09:00-22:00, 토 10:00-23:00, 일 휴무','매운맛 마니아들의 성지','주차 가능, 예약 가능, 단체석',to_date('25/07/02','RR/MM/DD'),to_date('25/07/02','RR/MM/DD'),to_date('26/07/02','RR/MM/DD'));
--------------------------------------------------
-- reservation
Insert into HONESTPICK.RESERVATION (RESNO,MEMBERNO,STORENO,RESCOMMENT,RESDATE,RESTIME,RESPEOPLE,RESREGIDATE,RESUPDATE,CHANGEREASON) values (551,10004,1033,'gg','2025-06-26','13:00','2',to_date('25/06/11','RR/MM/DD'),to_date('25/06/11','RR/MM/DD'),null);
Insert into HONESTPICK.RESERVATION (RESNO,MEMBERNO,STORENO,RESCOMMENT,RESDATE,RESTIME,RESPEOPLE,RESREGIDATE,RESUPDATE,CHANGEREASON) values (552,10004,1032,'ㅂㅂ','2025-06-08','18:00','2',to_date('25/06/11','RR/MM/DD'),to_date('25/06/11','RR/MM/DD'),null);
Insert into HONESTPICK.RESERVATION (RESNO,MEMBERNO,STORENO,RESCOMMENT,RESDATE,RESTIME,RESPEOPLE,RESREGIDATE,RESUPDATE,CHANGEREASON) values (501,10035,1022,'창가 자리로 부탁드립니다','2025-12-15','14:00','3',to_date('25/06/12','RR/MM/DD'),to_date('25/06/12','RR/MM/DD'),null);
Insert into HONESTPICK.RESERVATION (RESNO,MEMBERNO,STORENO,RESCOMMENT,RESDATE,RESTIME,RESPEOPLE,RESREGIDATE,RESUPDATE,CHANGEREASON) values (502,10028,1021,'단체 예약이라 미리 세팅 부탁드려요','2024-12-28','18:00','6',to_date('25/06/12','RR/MM/DD'),to_date('25/06/12','RR/MM/DD'),null);
Insert into HONESTPICK.RESERVATION (RESNO,MEMBERNO,STORENO,RESCOMMENT,RESDATE,RESTIME,RESPEOPLE,RESREGIDATE,RESUPDATE,CHANGEREASON) values (505,10047,1024,'조용한 자리 요청합니다','2025-08-07','15:00','2',to_date('25/06/12','RR/MM/DD'),to_date('25/06/12','RR/MM/DD'),null);
Insert into HONESTPICK.RESERVATION (RESNO,MEMBERNO,STORENO,RESCOMMENT,RESDATE,RESTIME,RESPEOPLE,RESREGIDATE,RESUPDATE,CHANGEREASON) values (506,10023,1029,'비건 메뉴 있는지 문의드립니다','2025-01-18','12:00','3',to_date('25/06/12','RR/MM/DD'),to_date('25/06/12','RR/MM/DD'),null);
Insert into HONESTPICK.RESERVATION (RESNO,MEMBERNO,STORENO,RESCOMMENT,RESDATE,RESTIME,RESPEOPLE,RESREGIDATE,RESUPDATE,CHANGEREASON) values (508,10044,1032,'할인 쿠폰 사용 예정입니다','2025-04-13','16:00','4',to_date('25/06/12','RR/MM/DD'),to_date('25/06/12','RR/MM/DD'),null);
Insert into HONESTPICK.RESERVATION (RESNO,MEMBERNO,STORENO,RESCOMMENT,RESDATE,RESTIME,RESPEOPLE,RESREGIDATE,RESUPDATE,CHANGEREASON) values (510,10033,1031,'주차 가능한지 확인 부탁드립니다','2025-02-09','14:00','5',to_date('25/06/12','RR/MM/DD'),to_date('25/06/12','RR/MM/DD'),null);
Insert into HONESTPICK.RESERVATION (RESNO,MEMBERNO,STORENO,RESCOMMENT,RESDATE,RESTIME,RESPEOPLE,RESREGIDATE,RESUPDATE,CHANGEREASON) values (511,10041,1034,'개인실 이용 가능한지 확인해주세요','2025-11-21','09:00','3',to_date('25/06/12','RR/MM/DD'),to_date('25/06/12','RR/MM/DD'),null);
Insert into HONESTPICK.RESERVATION (RESNO,MEMBERNO,STORENO,RESCOMMENT,RESDATE,RESTIME,RESPEOPLE,RESREGIDATE,RESUPDATE,CHANGEREASON) values (512,10025,1022,'테라스 자리 이용 가능한가요','2025-06-14','08:00','2',to_date('25/06/12','RR/MM/DD'),to_date('25/06/12','RR/MM/DD'),null);
Insert into HONESTPICK.RESERVATION (RESNO,MEMBERNO,STORENO,RESCOMMENT,RESDATE,RESTIME,RESPEOPLE,RESREGIDATE,RESUPDATE,CHANGEREASON) values (514,10029,1026,'특별한 요청사항은 없습니다','2025-09-28','19:00','1',to_date('25/06/12','RR/MM/DD'),to_date('25/06/12','RR/MM/DD'),null);
Insert into HONESTPICK.RESERVATION (RESNO,MEMBERNO,STORENO,RESCOMMENT,RESDATE,RESTIME,RESPEOPLE,RESREGIDATE,RESUPDATE,CHANGEREASON) values (515,10048,1025,'포장 주문도 함께 할 예정입니다','2025-05-17','13:00','3',to_date('25/06/12','RR/MM/DD'),to_date('25/06/12','RR/MM/DD'),null);
Insert into HONESTPICK.RESERVATION (RESNO,MEMBERNO,STORENO,RESCOMMENT,RESDATE,RESTIME,RESPEOPLE,RESREGIDATE,RESUPDATE,CHANGEREASON) values (516,10022,1024,'창가 자리로 부탁드립니다','2025-12-01','17:00','2',to_date('25/06/12','RR/MM/DD'),to_date('25/06/12','RR/MM/DD'),null);
Insert into HONESTPICK.RESERVATION (RESNO,MEMBERNO,STORENO,RESCOMMENT,RESDATE,RESTIME,RESPEOPLE,RESREGIDATE,RESUPDATE,CHANGEREASON) values (517,10046,1029,'조용한 자리 요청합니다','2025-03-08','15:00','4',to_date('25/06/12','RR/MM/DD'),to_date('25/06/12','RR/MM/DD'),null);
Insert into HONESTPICK.RESERVATION (RESNO,MEMBERNO,STORENO,RESCOMMENT,RESDATE,RESTIME,RESPEOPLE,RESREGIDATE,RESUPDATE,CHANGEREASON) values (519,10040,1032,'단체 예약이라 미리 세팅 부탁드려요','2025-01-25','21:00','8',to_date('25/06/12','RR/MM/DD'),to_date('25/06/12','RR/MM/DD'),null);
Insert into HONESTPICK.RESERVATION (RESNO,MEMBERNO,STORENO,RESCOMMENT,RESDATE,RESTIME,RESPEOPLE,RESREGIDATE,RESUPDATE,CHANGEREASON) values (521,10045,1031,'주차 가능한지 확인 부탁드립니다','2025-04-29','16:00','2',to_date('25/06/12','RR/MM/DD'),to_date('25/06/12','RR/MM/DD'),null);
Insert into HONESTPICK.RESERVATION (RESNO,MEMBERNO,STORENO,RESCOMMENT,RESDATE,RESTIME,RESPEOPLE,RESREGIDATE,RESUPDATE,CHANGEREASON) values (522,10030,1034,'비건 메뉴 있는지 문의드립니다','2025-07-03','10:00','1',to_date('25/06/12','RR/MM/DD'),to_date('25/06/12','RR/MM/DD'),null);
Insert into HONESTPICK.RESERVATION (RESNO,MEMBERNO,STORENO,RESCOMMENT,RESDATE,RESTIME,RESPEOPLE,RESREGIDATE,RESUPDATE,CHANGEREASON) values (526,10032,1025,'할인 쿠폰 사용 예정입니다','2025-09-06','17:00','2',to_date('25/06/12','RR/MM/DD'),to_date('25/06/12','RR/MM/DD'),null);
Insert into HONESTPICK.RESERVATION (RESNO,MEMBERNO,STORENO,RESCOMMENT,RESDATE,RESTIME,RESPEOPLE,RESREGIDATE,RESUPDATE,CHANGEREASON) values (527,10043,1024,'개인실 이용 가능한지 확인해주세요','2025-02-22','14:00','6',to_date('25/06/12','RR/MM/DD'),to_date('25/06/12','RR/MM/DD'),null);
Insert into HONESTPICK.RESERVATION (RESNO,MEMBERNO,STORENO,RESCOMMENT,RESDATE,RESTIME,RESPEOPLE,RESREGIDATE,RESUPDATE,CHANGEREASON) values (528,10036,1029,'테라스 자리 이용 가능한가요','2025-05-04','18:00','3',to_date('25/06/12','RR/MM/DD'),to_date('25/06/12','RR/MM/DD'),null);
Insert into HONESTPICK.RESERVATION (RESNO,MEMBERNO,STORENO,RESCOMMENT,RESDATE,RESTIME,RESPEOPLE,RESREGIDATE,RESUPDATE,CHANGEREASON) values (529,10050,1027,'포장 주문도 함께 할 예정입니다','2025-12-23','19:00','2',to_date('25/06/12','RR/MM/DD'),to_date('25/06/12','RR/MM/DD'),null);
Insert into HONESTPICK.RESERVATION (RESNO,MEMBERNO,STORENO,RESCOMMENT,RESDATE,RESTIME,RESPEOPLE,RESREGIDATE,RESUPDATE,CHANGEREASON) values (530,10021,1032,'특별한 요청사항은 없습니다','2025-08-30','22:00','4',to_date('25/06/12','RR/MM/DD'),to_date('25/06/12','RR/MM/DD'),null);
Insert into HONESTPICK.RESERVATION (RESNO,MEMBERNO,STORENO,RESCOMMENT,RESDATE,RESTIME,RESPEOPLE,RESREGIDATE,RESUPDATE,CHANGEREASON) values (509,10026,1030,'알레르기 있어서 재료 확인 부탁해요','2025-07-26','11:00','2',to_date('25/06/12','RR/MM/DD'),to_date('25/06/12','RR/MM/DD'),null);
Insert into HONESTPICK.RESERVATION (RESNO,MEMBERNO,STORENO,RESCOMMENT,RESDATE,RESTIME,RESPEOPLE,RESREGIDATE,RESUPDATE,CHANGEREASON) values (513,10037,1021,'노약자 동반이라 편한 자리 부탁해요','2024-12-05','12:00','4',to_date('25/06/12','RR/MM/DD'),to_date('25/06/12','RR/MM/DD'),null);
Insert into HONESTPICK.RESERVATION (RESNO,MEMBERNO,STORENO,RESCOMMENT,RESDATE,RESTIME,RESPEOPLE,RESREGIDATE,RESUPDATE,CHANGEREASON) values (524,10024,1021,'알레르기 있어서 재료 확인 부탁해요','2024-12-17','15:00','3',to_date('25/06/12','RR/MM/DD'),to_date('25/06/12','RR/MM/DD'),null);
Insert into HONESTPICK.RESERVATION (RESNO,MEMBERNO,STORENO,RESCOMMENT,RESDATE,RESTIME,RESPEOPLE,RESREGIDATE,RESUPDATE,CHANGEREASON) values (525,10049,1026,'노약자 동반이라 편한 자리 부탁해요','2025-06-21','11:00','4',to_date('25/06/12','RR/MM/DD'),to_date('25/06/12','RR/MM/DD'),null);
Insert into HONESTPICK.RESERVATION (RESNO,MEMBERNO,STORENO,RESCOMMENT,RESDATE,RESTIME,RESPEOPLE,RESREGIDATE,RESUPDATE,CHANGEREASON) values (503,10022,1027,'조용한 자리 요청해요','2024-12-28','19:00','2',to_date('25/06/12','RR/MM/DD'),to_date('25/06/12','RR/MM/DD'),null);
Insert into HONESTPICK.RESERVATION (RESNO,MEMBERNO,STORENO,RESCOMMENT,RESDATE,RESTIME,RESPEOPLE,RESREGIDATE,RESUPDATE,CHANGEREASON) values (504,10022,1024,'키즈 체어 준비 부탁해요','2025-07-14','10:00','3',to_date('25/06/12','RR/MM/DD'),to_date('25/06/12','RR/MM/DD'),null);
Insert into HONESTPICK.RESERVATION (RESNO,MEMBERNO,STORENO,RESCOMMENT,RESDATE,RESTIME,RESPEOPLE,RESREGIDATE,RESUPDATE,CHANGEREASON) values (507,10023,1022,'알레르기 재료 확인 부탁해요','2025-09-07','09:00','2',to_date('25/06/12','RR/MM/DD'),to_date('25/06/12','RR/MM/DD'),null);
Insert into HONESTPICK.RESERVATION (RESNO,MEMBERNO,STORENO,RESCOMMENT,RESDATE,RESTIME,RESPEOPLE,RESREGIDATE,RESUPDATE,CHANGEREASON) values (518,10026,1024,'휠체어 접근 가능한가요?','2025-11-16','12:00','3',to_date('25/06/12','RR/MM/DD'),to_date('25/06/12','RR/MM/DD'),null);
Insert into HONESTPICK.RESERVATION (RESNO,MEMBERNO,STORENO,RESCOMMENT,RESDATE,RESTIME,RESPEOPLE,RESREGIDATE,RESUPDATE,CHANGEREASON) values (520,10027,1030,'반려동물 동반 가능한가요?','2025-09-28','14:00','1',to_date('25/06/12','RR/MM/DD'),to_date('25/06/12','RR/MM/DD'),null);
Insert into HONESTPICK.RESERVATION (RESNO,MEMBERNO,STORENO,RESCOMMENT,RESDATE,RESTIME,RESPEOPLE,RESREGIDATE,RESUPDATE,CHANGEREASON) values (523,10028,1031,'데이트 코스로 왔어요','2025-06-21','17:00','2',to_date('25/06/12','RR/MM/DD'),to_date('25/06/12','RR/MM/DD'),null);
Insert into HONESTPICK.RESERVATION (RESNO,MEMBERNO,STORENO,RESCOMMENT,RESDATE,RESTIME,RESPEOPLE,RESREGIDATE,RESUPDATE,CHANGEREASON) values (531,10031,1028,'야외 테라스 이용하고 싶어요','2025-03-22','22:00','4',to_date('25/06/12','RR/MM/DD'),to_date('25/06/12','RR/MM/DD'),null);
Insert into HONESTPICK.RESERVATION (RESNO,MEMBERNO,STORENO,RESCOMMENT,RESDATE,RESTIME,RESPEOPLE,RESREGIDATE,RESUPDATE,CHANGEREASON) values (532,10031,1033,'2층 자리 예약 가능한가요?','2025-09-14','11:00','3',to_date('25/06/12','RR/MM/DD'),to_date('25/06/12','RR/MM/DD'),null);
Insert into HONESTPICK.RESERVATION (RESNO,MEMBERNO,STORENO,RESCOMMENT,RESDATE,RESTIME,RESPEOPLE,RESREGIDATE,RESUPDATE,CHANGEREASON) values (533,10031,1025,'코스 메뉴 가능한가요?','2025-01-27','19:00','2',to_date('25/06/12','RR/MM/DD'),to_date('25/06/12','RR/MM/DD'),null);
Insert into HONESTPICK.RESERVATION (RESNO,MEMBERNO,STORENO,RESCOMMENT,RESDATE,RESTIME,RESPEOPLE,RESREGIDATE,RESUPDATE,CHANGEREASON) values (534,10032,1022,'예약 시간 변경 가능한가요?','2025-06-13','10:00','2',to_date('25/06/12','RR/MM/DD'),to_date('25/06/12','RR/MM/DD'),null);
Insert into HONESTPICK.RESERVATION (RESNO,MEMBERNO,STORENO,RESCOMMENT,RESDATE,RESTIME,RESPEOPLE,RESREGIDATE,RESUPDATE,CHANGEREASON) values (535,10032,1030,'메뉴 미리 주문할게요','2025-12-18','13:00','4',to_date('25/06/12','RR/MM/DD'),to_date('25/06/12','RR/MM/DD'),null);
Insert into HONESTPICK.RESERVATION (RESNO,MEMBERNO,STORENO,RESCOMMENT,RESDATE,RESTIME,RESPEOPLE,RESREGIDATE,RESUPDATE,CHANGEREASON) values (536,10032,1026,'기념일 케이크 준비해주세요','2025-04-07','21:00','3',to_date('25/06/12','RR/MM/DD'),to_date('25/06/12','RR/MM/DD'),null);
Insert into HONESTPICK.RESERVATION (RESNO,MEMBERNO,STORENO,RESCOMMENT,RESDATE,RESTIME,RESPEOPLE,RESREGIDATE,RESUPDATE,CHANGEREASON) values (537,10032,1031,'창가 자리로 부탁해요','2025-10-30','18:00','2',to_date('25/06/12','RR/MM/DD'),to_date('25/06/12','RR/MM/DD'),null);
Insert into HONESTPICK.RESERVATION (RESNO,MEMBERNO,STORENO,RESCOMMENT,RESDATE,RESTIME,RESPEOPLE,RESREGIDATE,RESUPDATE,CHANGEREASON) values (538,10033,1027,'조용한 자리 요청해요','2025-02-19','20:00','2',to_date('25/06/12','RR/MM/DD'),to_date('25/06/12','RR/MM/DD'),null);
Insert into HONESTPICK.RESERVATION (RESNO,MEMBERNO,STORENO,RESCOMMENT,RESDATE,RESTIME,RESPEOPLE,RESREGIDATE,RESUPDATE,CHANGEREASON) values (539,10033,1034,'키즈 체어 준비 부탁해요','2025-08-03','09:00','4',to_date('25/06/12','RR/MM/DD'),to_date('25/06/12','RR/MM/DD'),null);
Insert into HONESTPICK.RESERVATION (RESNO,MEMBERNO,STORENO,RESCOMMENT,RESDATE,RESTIME,RESPEOPLE,RESREGIDATE,RESUPDATE,CHANGEREASON) values (540,10033,1032,'생일 축하 이벤트 문의드려요','2025-05-16','16:00','5',to_date('25/06/12','RR/MM/DD'),to_date('25/06/12','RR/MM/DD'),null);
Insert into HONESTPICK.RESERVATION (RESNO,MEMBERNO,STORENO,RESCOMMENT,RESDATE,RESTIME,RESPEOPLE,RESREGIDATE,RESUPDATE,CHANGEREASON) values (541,10034,1023,'주차 가능한지 확인해주세요','2025-01-11','12:00','3',to_date('25/06/12','RR/MM/DD'),to_date('25/06/12','RR/MM/DD'),null);
Insert into HONESTPICK.RESERVATION (RESNO,MEMBERNO,STORENO,RESCOMMENT,RESDATE,RESTIME,RESPEOPLE,RESREGIDATE,RESUPDATE,CHANGEREASON) values (542,10034,1021,'미리 세팅 부탁해요','2025-09-26','17:00','6',to_date('25/06/12','RR/MM/DD'),to_date('25/06/12','RR/MM/DD'),null);
Insert into HONESTPICK.RESERVATION (RESNO,MEMBERNO,STORENO,RESCOMMENT,RESDATE,RESTIME,RESPEOPLE,RESREGIDATE,RESUPDATE,CHANGEREASON) values (543,10034,1029,'알레르기 재료 확인 부탁해요','2025-07-31','14:00','2',to_date('25/06/12','RR/MM/DD'),to_date('25/06/12','RR/MM/DD'),null);
Insert into HONESTPICK.RESERVATION (RESNO,MEMBERNO,STORENO,RESCOMMENT,RESDATE,RESTIME,RESPEOPLE,RESREGIDATE,RESUPDATE,CHANGEREASON) values (544,10034,1024,'비건 메뉴 있나요?','2025-12-06','11:00','1',to_date('25/06/12','RR/MM/DD'),to_date('25/06/12','RR/MM/DD'),null);
Insert into HONESTPICK.RESERVATION (RESNO,MEMBERNO,STORENO,RESCOMMENT,RESDATE,RESTIME,RESPEOPLE,RESREGIDATE,RESUPDATE,CHANGEREASON) values (545,10035,1025,'편한 자리 부탁해요','2025-03-05','15:00','3',to_date('25/06/12','RR/MM/DD'),to_date('25/06/12','RR/MM/DD'),null);
Insert into HONESTPICK.RESERVATION (RESNO,MEMBERNO,STORENO,RESCOMMENT,RESDATE,RESTIME,RESPEOPLE,RESREGIDATE,RESUPDATE,CHANGEREASON) values (546,10035,1028,'특별한 서비스 가능한가요?','2025-11-08','23:00','4',to_date('25/06/12','RR/MM/DD'),to_date('25/06/12','RR/MM/DD'),null);
Insert into HONESTPICK.RESERVATION (RESNO,MEMBERNO,STORENO,RESCOMMENT,RESDATE,RESTIME,RESPEOPLE,RESREGIDATE,RESUPDATE,CHANGEREASON) values (547,10036,1030,'포장 주문도 함께 할게요','2025-06-27','12:00','2',to_date('25/06/12','RR/MM/DD'),to_date('25/06/12','RR/MM/DD'),null);
Insert into HONESTPICK.RESERVATION (RESNO,MEMBERNO,STORENO,RESCOMMENT,RESDATE,RESTIME,RESPEOPLE,RESREGIDATE,RESUPDATE,CHANGEREASON) values (548,10036,1022,'테라스 자리 가능한가요?','2025-02-02','14:00','2',to_date('25/06/12','RR/MM/DD'),to_date('25/06/12','RR/MM/DD'),null);
Insert into HONESTPICK.RESERVATION (RESNO,MEMBERNO,STORENO,RESCOMMENT,RESDATE,RESTIME,RESPEOPLE,RESREGIDATE,RESUPDATE,CHANGEREASON) values (549,10036,1033,'할인 쿠폰 사용할게요','2025-10-15','16:00','3',to_date('25/06/12','RR/MM/DD'),to_date('25/06/12','RR/MM/DD'),null);
Insert into HONESTPICK.RESERVATION (RESNO,MEMBERNO,STORENO,RESCOMMENT,RESDATE,RESTIME,RESPEOPLE,RESREGIDATE,RESUPDATE,CHANGEREASON) values (550,10037,1026,'개인실 이용 가능한가요?','2025-04-20','18:00','4',to_date('25/06/12','RR/MM/DD'),to_date('25/06/12','RR/MM/DD'),null);
Insert into HONESTPICK.RESERVATION (RESNO,MEMBERNO,STORENO,RESCOMMENT,RESDATE,RESTIME,RESPEOPLE,RESREGIDATE,RESUPDATE,CHANGEREASON) values (597,10037,1031,'특별한 요청사항 없어요','2025-08-28','14:00','2',to_date('25/06/12','RR/MM/DD'),to_date('25/06/12','RR/MM/DD'),null);
Insert into HONESTPICK.RESERVATION (RESNO,MEMBERNO,STORENO,RESCOMMENT,RESDATE,RESTIME,RESPEOPLE,RESREGIDATE,RESUPDATE,CHANGEREASON) values (598,10037,1027,'단체석 예약 가능한가요?','2024-12-13','19:00','7',to_date('25/06/12','RR/MM/DD'),to_date('25/06/12','RR/MM/DD'),null);
Insert into HONESTPICK.RESERVATION (RESNO,MEMBERNO,STORENO,RESCOMMENT,RESDATE,RESTIME,RESPEOPLE,RESREGIDATE,RESUPDATE,CHANGEREASON) values (553,10038,1034,'대기시간 길면 연락주세요','2025-01-24','10:00','2',to_date('25/06/12','RR/MM/DD'),to_date('25/06/12','RR/MM/DD'),null);
Insert into HONESTPICK.RESERVATION (RESNO,MEMBERNO,STORENO,RESCOMMENT,RESDATE,RESTIME,RESPEOPLE,RESREGIDATE,RESUPDATE,CHANGEREASON) values (554,10038,1025,'휠체어 접근 가능한가요?','2025-09-10','13:00','3',to_date('25/06/12','RR/MM/DD'),to_date('25/06/12','RR/MM/DD'),null);
Insert into HONESTPICK.RESERVATION (RESNO,MEMBERNO,STORENO,RESCOMMENT,RESDATE,RESTIME,RESPEOPLE,RESREGIDATE,RESUPDATE,CHANGEREASON) values (555,10038,1023,'미리 주문하고 싶어요','2025-05-03','19:00','2',to_date('25/06/12','RR/MM/DD'),to_date('25/06/12','RR/MM/DD'),null);
Insert into HONESTPICK.RESERVATION (RESNO,MEMBERNO,STORENO,RESCOMMENT,RESDATE,RESTIME,RESPEOPLE,RESREGIDATE,RESUPDATE,CHANGEREASON) values (556,10038,1029,'반려동물 동반 가능한가요?','2025-12-29','15:00','1',to_date('25/06/12','RR/MM/DD'),to_date('25/06/12','RR/MM/DD'),null);
Insert into HONESTPICK.RESERVATION (RESNO,MEMBERNO,STORENO,RESCOMMENT,RESDATE,RESTIME,RESPEOPLE,RESREGIDATE,RESUPDATE,CHANGEREASON) values (557,10039,1032,'금연석으로 부탁해요','2025-07-16','17:00','2',to_date('25/06/12','RR/MM/DD'),to_date('25/06/12','RR/MM/DD'),null);
Insert into HONESTPICK.RESERVATION (RESNO,MEMBERNO,STORENO,RESCOMMENT,RESDATE,RESTIME,RESPEOPLE,RESREGIDATE,RESUPDATE,CHANGEREASON) values (558,10039,1021,'음료만 주문 예정이에요','2025-03-11','11:00','1',to_date('25/06/12','RR/MM/DD'),to_date('25/06/12','RR/MM/DD'),null);
Insert into HONESTPICK.RESERVATION (RESNO,MEMBERNO,STORENO,RESCOMMENT,RESDATE,RESTIME,RESPEOPLE,RESREGIDATE,RESUPDATE,CHANGEREASON) values (559,10039,1028,'데이트 코스로 왔어요','2025-11-22','20:00','2',to_date('25/06/12','RR/MM/DD'),to_date('25/06/12','RR/MM/DD'),null);
Insert into HONESTPICK.RESERVATION (RESNO,MEMBERNO,STORENO,RESCOMMENT,RESDATE,RESTIME,RESPEOPLE,RESREGIDATE,RESUPDATE,CHANGEREASON) values (560,10040,1024,'회식 자리 준비해주세요','2025-06-04','19:00','8',to_date('25/06/12','RR/MM/DD'),to_date('25/06/12','RR/MM/DD'),null);
Insert into HONESTPICK.RESERVATION (RESNO,MEMBERNO,STORENO,RESCOMMENT,RESDATE,RESTIME,RESPEOPLE,RESREGIDATE,RESUPDATE,CHANGEREASON) values (561,10040,1030,'가족모임이라 넓은 자리로','2025-02-25','13:00','6',to_date('25/06/12','RR/MM/DD'),to_date('25/06/12','RR/MM/DD'),null);
Insert into HONESTPICK.RESERVATION (RESNO,MEMBERNO,STORENO,RESCOMMENT,RESDATE,RESTIME,RESPEOPLE,RESREGIDATE,RESUPDATE,CHANGEREASON) values (562,10040,1022,'첫 데이트라 조용한 곳으로','2025-10-07','16:00','2',to_date('25/06/12','RR/MM/DD'),to_date('25/06/12','RR/MM/DD'),null);
Insert into HONESTPICK.RESERVATION (RESNO,MEMBERNO,STORENO,RESCOMMENT,RESDATE,RESTIME,RESPEOPLE,RESREGIDATE,RESUPDATE,CHANGEREASON) values (563,10040,1033,'아기 동반 괜찮나요?','2025-08-18','12:00','3',to_date('25/06/12','RR/MM/DD'),to_date('25/06/12','RR/MM/DD'),null);
Insert into HONESTPICK.RESERVATION (RESNO,MEMBERNO,STORENO,RESCOMMENT,RESDATE,RESTIME,RESPEOPLE,RESREGIDATE,RESUPDATE,CHANGEREASON) values (564,10041,1026,'온도 조절 가능한 자리로','2025-01-03','20:00','2',to_date('25/06/12','RR/MM/DD'),to_date('25/06/12','RR/MM/DD'),null);
Insert into HONESTPICK.RESERVATION (RESNO,MEMBERNO,STORENO,RESCOMMENT,RESDATE,RESTIME,RESPEOPLE,RESREGIDATE,RESUPDATE,CHANGEREASON) values (565,10041,1029,'와이파이 잘 되는 자리로','2025-05-28','14:00','1',to_date('25/06/12','RR/MM/DD'),to_date('25/06/12','RR/MM/DD'),null);
Insert into HONESTPICK.RESERVATION (RESNO,MEMBERNO,STORENO,RESCOMMENT,RESDATE,RESTIME,RESPEOPLE,RESREGIDATE,RESUPDATE,CHANGEREASON) values (566,10041,1031,'콘센트 있는 자리로','2025-09-21','16:00','2',to_date('25/06/12','RR/MM/DD'),to_date('25/06/12','RR/MM/DD'),null);
Insert into HONESTPICK.RESERVATION (RESNO,MEMBERNO,STORENO,RESCOMMENT,RESDATE,RESTIME,RESPEOPLE,RESREGIDATE,RESUPDATE,CHANGEREASON) values (567,10042,1027,'야외 테라스 이용하고 싶어요','2025-04-14','18:00','3',to_date('25/06/12','RR/MM/DD'),to_date('25/06/12','RR/MM/DD'),null);
Insert into HONESTPICK.RESERVATION (RESNO,MEMBERNO,STORENO,RESCOMMENT,RESDATE,RESTIME,RESPEOPLE,RESREGIDATE,RESUPDATE,CHANGEREASON) values (568,10042,1025,'2층 자리 예약 가능한가요?','2025-12-01','15:00','4',to_date('25/06/12','RR/MM/DD'),to_date('25/06/12','RR/MM/DD'),null);
Insert into HONESTPICK.RESERVATION (RESNO,MEMBERNO,STORENO,RESCOMMENT,RESDATE,RESTIME,RESPEOPLE,RESREGIDATE,RESUPDATE,CHANGEREASON) values (569,10043,1034,'코스 메뉴 가능한가요?','2025-07-05','11:00','2',to_date('25/06/12','RR/MM/DD'),to_date('25/06/12','RR/MM/DD'),null);
Insert into HONESTPICK.RESERVATION (RESNO,MEMBERNO,STORENO,RESCOMMENT,RESDATE,RESTIME,RESPEOPLE,RESREGIDATE,RESUPDATE,CHANGEREASON) values (570,10043,1023,'예약 시간 변경 가능한가요?','2025-03-26','17:00','3',to_date('25/06/12','RR/MM/DD'),to_date('25/06/12','RR/MM/DD'),null);
Insert into HONESTPICK.RESERVATION (RESNO,MEMBERNO,STORENO,RESCOMMENT,RESDATE,RESTIME,RESPEOPLE,RESREGIDATE,RESUPDATE,CHANGEREASON) values (571,10043,1028,'메뉴 미리 주문할게요','2025-11-13','21:00','2',to_date('25/06/12','RR/MM/DD'),to_date('25/06/12','RR/MM/DD'),null);
Insert into HONESTPICK.RESERVATION (RESNO,MEMBERNO,STORENO,RESCOMMENT,RESDATE,RESTIME,RESPEOPLE,RESREGIDATE,RESUPDATE,CHANGEREASON) values (572,10043,1032,'기념일 케이크 준비해주세요','2025-06-19','20:00','4',to_date('25/06/12','RR/MM/DD'),to_date('25/06/12','RR/MM/DD'),null);
Insert into HONESTPICK.RESERVATION (RESNO,MEMBERNO,STORENO,RESCOMMENT,RESDATE,RESTIME,RESPEOPLE,RESREGIDATE,RESUPDATE,CHANGEREASON) values (573,10044,1021,'창가 자리로 부탁해요','2025-02-11','14:00','2',to_date('25/06/12','RR/MM/DD'),to_date('25/06/12','RR/MM/DD'),null);
Insert into HONESTPICK.RESERVATION (RESNO,MEMBERNO,STORENO,RESCOMMENT,RESDATE,RESTIME,RESPEOPLE,RESREGIDATE,RESUPDATE,CHANGEREASON) values (574,10044,1030,'조용한 자리 요청해요','2025-08-24','12:00','1',to_date('25/06/12','RR/MM/DD'),to_date('25/06/12','RR/MM/DD'),null);
Insert into HONESTPICK.RESERVATION (RESNO,MEMBERNO,STORENO,RESCOMMENT,RESDATE,RESTIME,RESPEOPLE,RESREGIDATE,RESUPDATE,CHANGEREASON) values (575,10044,1024,'키즈 체어 준비 부탁해요','2025-12-16','18:00','5',to_date('25/06/12','RR/MM/DD'),to_date('25/06/12','RR/MM/DD'),null);
Insert into HONESTPICK.RESERVATION (RESNO,MEMBERNO,STORENO,RESCOMMENT,RESDATE,RESTIME,RESPEOPLE,RESREGIDATE,RESUPDATE,CHANGEREASON) values (576,10045,1022,'생일 축하 이벤트 문의드려요','2025-05-10','09:00','3',to_date('25/06/12','RR/MM/DD'),to_date('25/06/12','RR/MM/DD'),null);
Insert into HONESTPICK.RESERVATION (RESNO,MEMBERNO,STORENO,RESCOMMENT,RESDATE,RESTIME,RESPEOPLE,RESREGIDATE,RESUPDATE,CHANGEREASON) values (577,10045,1026,'주차 가능한지 확인해주세요','2025-01-28','22:00','4',to_date('25/06/12','RR/MM/DD'),to_date('25/06/12','RR/MM/DD'),null);
Insert into HONESTPICK.RESERVATION (RESNO,MEMBERNO,STORENO,RESCOMMENT,RESDATE,RESTIME,RESPEOPLE,RESREGIDATE,RESUPDATE,CHANGEREASON) values (578,10045,1033,'미리 세팅 부탁해요','2025-09-05','13:00','6',to_date('25/06/12','RR/MM/DD'),to_date('25/06/12','RR/MM/DD'),null);
Insert into HONESTPICK.RESERVATION (RESNO,MEMBERNO,STORENO,RESCOMMENT,RESDATE,RESTIME,RESPEOPLE,RESREGIDATE,RESUPDATE,CHANGEREASON) values (579,10045,1029,'알레르기 재료 확인 부탁해요','2025-07-20','16:00','2',to_date('25/06/12','RR/MM/DD'),to_date('25/06/12','RR/MM/DD'),null);
Insert into HONESTPICK.RESERVATION (RESNO,MEMBERNO,STORENO,RESCOMMENT,RESDATE,RESTIME,RESPEOPLE,RESREGIDATE,RESUPDATE,CHANGEREASON) values (580,10046,1031,'비건 메뉴 있나요?','2025-04-02','17:00','1',to_date('25/06/12','RR/MM/DD'),to_date('25/06/12','RR/MM/DD'),null);
Insert into HONESTPICK.RESERVATION (RESNO,MEMBERNO,STORENO,RESCOMMENT,RESDATE,RESTIME,RESPEOPLE,RESREGIDATE,RESUPDATE,CHANGEREASON) values (581,10046,1027,'편한 자리 부탁해요','2025-12-25','20:00','2',to_date('25/06/12','RR/MM/DD'),to_date('25/06/12','RR/MM/DD'),null);
Insert into HONESTPICK.RESERVATION (RESNO,MEMBERNO,STORENO,RESCOMMENT,RESDATE,RESTIME,RESPEOPLE,RESREGIDATE,RESUPDATE,CHANGEREASON) values (582,10046,1025,'특별한 서비스 가능한가요?','2025-08-12','19:00','3',to_date('25/06/12','RR/MM/DD'),to_date('25/06/12','RR/MM/DD'),null);
Insert into HONESTPICK.RESERVATION (RESNO,MEMBERNO,STORENO,RESCOMMENT,RESDATE,RESTIME,RESPEOPLE,RESREGIDATE,RESUPDATE,CHANGEREASON) values (583,10047,1034,'포장 주문도 함께 할게요','2025-03-18','15:00','2',to_date('25/06/12','RR/MM/DD'),to_date('25/06/12','RR/MM/DD'),null);
Insert into HONESTPICK.RESERVATION (RESNO,MEMBERNO,STORENO,RESCOMMENT,RESDATE,RESTIME,RESPEOPLE,RESREGIDATE,RESUPDATE,CHANGEREASON) values (584,10047,1023,'테라스 자리 가능한가요?','2025-11-04','14:00','4',to_date('25/06/12','RR/MM/DD'),to_date('25/06/12','RR/MM/DD'),null);
Insert into HONESTPICK.RESERVATION (RESNO,MEMBERNO,STORENO,RESCOMMENT,RESDATE,RESTIME,RESPEOPLE,RESREGIDATE,RESUPDATE,CHANGEREASON) values (585,10047,1032,'할인 쿠폰 사용할게요','2025-06-26','22:00','2',to_date('25/06/12','RR/MM/DD'),to_date('25/06/12','RR/MM/DD'),null);
Insert into HONESTPICK.RESERVATION (RESNO,MEMBERNO,STORENO,RESCOMMENT,RESDATE,RESTIME,RESPEOPLE,RESREGIDATE,RESUPDATE,CHANGEREASON) values (586,10048,1021,'개인실 이용 가능한가요?','2025-02-17','16:00','3',to_date('25/06/12','RR/MM/DD'),to_date('25/06/12','RR/MM/DD'),null);
Insert into HONESTPICK.RESERVATION (RESNO,MEMBERNO,STORENO,RESCOMMENT,RESDATE,RESTIME,RESPEOPLE,RESREGIDATE,RESUPDATE,CHANGEREASON) values (587,10048,1028,'특별한 요청사항 없어요','2025-10-23','22:00','5',to_date('25/06/12','RR/MM/DD'),to_date('25/06/12','RR/MM/DD'),null);
Insert into HONESTPICK.RESERVATION (RESNO,MEMBERNO,STORENO,RESCOMMENT,RESDATE,RESTIME,RESPEOPLE,RESREGIDATE,RESUPDATE,CHANGEREASON) values (588,10048,1024,'단체석 예약 가능한가요?','2025-07-08','20:00','7',to_date('25/06/12','RR/MM/DD'),to_date('25/06/12','RR/MM/DD'),null);
Insert into HONESTPICK.RESERVATION (RESNO,MEMBERNO,STORENO,RESCOMMENT,RESDATE,RESTIME,RESPEOPLE,RESREGIDATE,RESUPDATE,CHANGEREASON) values (589,10048,1030,'대기시간 길면 연락주세요','2025-12-22','11:00','2',to_date('25/06/12','RR/MM/DD'),to_date('25/06/12','RR/MM/DD'),null);
Insert into HONESTPICK.RESERVATION (RESNO,MEMBERNO,STORENO,RESCOMMENT,RESDATE,RESTIME,RESPEOPLE,RESREGIDATE,RESUPDATE,CHANGEREASON) values (590,10049,1026,'휠체어 접근 가능한가요?','2025-05-15','19:00','3',to_date('25/06/12','RR/MM/DD'),to_date('25/06/12','RR/MM/DD'),null);
Insert into HONESTPICK.RESERVATION (RESNO,MEMBERNO,STORENO,RESCOMMENT,RESDATE,RESTIME,RESPEOPLE,RESREGIDATE,RESUPDATE,CHANGEREASON) values (591,10049,1029,'미리 주문하고 싶어요','2025-01-09','13:00','2',to_date('25/06/12','RR/MM/DD'),to_date('25/06/12','RR/MM/DD'),null);
Insert into HONESTPICK.RESERVATION (RESNO,MEMBERNO,STORENO,RESCOMMENT,RESDATE,RESTIME,RESPEOPLE,RESREGIDATE,RESUPDATE,CHANGEREASON) values (592,10049,1033,'반려동물 동반 가능한가요?','2025-09-18','15:00','1',to_date('25/06/12','RR/MM/DD'),to_date('25/06/12','RR/MM/DD'),null);
Insert into HONESTPICK.RESERVATION (RESNO,MEMBERNO,STORENO,RESCOMMENT,RESDATE,RESTIME,RESPEOPLE,RESREGIDATE,RESUPDATE,CHANGEREASON) values (593,10050,1022,'금연석으로 부탁해요','2025-04-29','08:00','2',to_date('25/06/12','RR/MM/DD'),to_date('25/06/12','RR/MM/DD'),null);
Insert into HONESTPICK.RESERVATION (RESNO,MEMBERNO,STORENO,RESCOMMENT,RESDATE,RESTIME,RESPEOPLE,RESREGIDATE,RESUPDATE,CHANGEREASON) values (594,10050,1031,'음료만 주문 예정이에요','2025-12-08','16:00','1',to_date('25/06/12','RR/MM/DD'),to_date('25/06/12','RR/MM/DD'),null);
Insert into HONESTPICK.RESERVATION (RESNO,MEMBERNO,STORENO,RESCOMMENT,RESDATE,RESTIME,RESPEOPLE,RESREGIDATE,RESUPDATE,CHANGEREASON) values (595,10050,1025,'데이트 코스로 왔어요','2025-08-06','18:00','2',to_date('25/06/12','RR/MM/DD'),to_date('25/06/12','RR/MM/DD'),null);
Insert into HONESTPICK.RESERVATION (RESNO,MEMBERNO,STORENO,RESCOMMENT,RESDATE,RESTIME,RESPEOPLE,RESREGIDATE,RESUPDATE,CHANGEREASON) values (596,10050,1027,'회식 자리 준비해주세요','2025-03-13','21:00','8',to_date('25/06/12','RR/MM/DD'),to_date('25/06/12','RR/MM/DD'),null);
Insert into HONESTPICK.RESERVATION (RESNO,MEMBERNO,STORENO,RESCOMMENT,RESDATE,RESTIME,RESPEOPLE,RESREGIDATE,RESUPDATE,CHANGEREASON) values (600,10035,1022,'창가 자리로 부탁드립니다','2025-12-15','14:00','3',to_date('25/06/12','RR/MM/DD'),to_date('25/06/12','RR/MM/DD'),null);
Insert into HONESTPICK.RESERVATION (RESNO,MEMBERNO,STORENO,RESCOMMENT,RESDATE,RESTIME,RESPEOPLE,RESREGIDATE,RESUPDATE,CHANGEREASON) values (601,10028,1021,'단체 예약이라 미리 세팅 부탁해요','2024-12-28','18:00','6',to_date('25/06/12','RR/MM/DD'),to_date('25/06/12','RR/MM/DD'),null);
Insert into HONESTPICK.RESERVATION (RESNO,MEMBERNO,STORENO,RESCOMMENT,RESDATE,RESTIME,RESPEOPLE,RESREGIDATE,RESUPDATE,CHANGEREASON) values (604,10047,1024,'조용한 자리 요청합니다','2025-08-07','15:00','2',to_date('25/06/12','RR/MM/DD'),to_date('25/06/12','RR/MM/DD'),null);
Insert into HONESTPICK.RESERVATION (RESNO,MEMBERNO,STORENO,RESCOMMENT,RESDATE,RESTIME,RESPEOPLE,RESREGIDATE,RESUPDATE,CHANGEREASON) values (605,10023,1029,'비건 메뉴 있는지 문의드려요','2025-01-18','12:00','3',to_date('25/06/12','RR/MM/DD'),to_date('25/06/12','RR/MM/DD'),null);
Insert into HONESTPICK.RESERVATION (RESNO,MEMBERNO,STORENO,RESCOMMENT,RESDATE,RESTIME,RESPEOPLE,RESREGIDATE,RESUPDATE,CHANGEREASON) values (607,10044,1032,'할인 쿠폰 사용 예정입니다','2025-04-13','16:00','4',to_date('25/06/12','RR/MM/DD'),to_date('25/06/12','RR/MM/DD'),null);
Insert into HONESTPICK.RESERVATION (RESNO,MEMBERNO,STORENO,RESCOMMENT,RESDATE,RESTIME,RESPEOPLE,RESREGIDATE,RESUPDATE,CHANGEREASON) values (608,10026,1030,'알레르기 있어서 재료 확인 부탁해요','2025-07-26','11:00','2',to_date('25/06/12','RR/MM/DD'),to_date('25/06/12','RR/MM/DD'),null);
Insert into HONESTPICK.RESERVATION (RESNO,MEMBERNO,STORENO,RESCOMMENT,RESDATE,RESTIME,RESPEOPLE,RESREGIDATE,RESUPDATE,CHANGEREASON) values (609,10033,1031,'주차 가능한지 확인 부탁드려요','2025-02-09','14:00','5',to_date('25/06/12','RR/MM/DD'),to_date('25/06/12','RR/MM/DD'),null);
Insert into HONESTPICK.RESERVATION (RESNO,MEMBERNO,STORENO,RESCOMMENT,RESDATE,RESTIME,RESPEOPLE,RESREGIDATE,RESUPDATE,CHANGEREASON) values (610,10041,1034,'개인실 이용 가능한지 확인해주세요','2025-11-21','09:00','3',to_date('25/06/12','RR/MM/DD'),to_date('25/06/12','RR/MM/DD'),null);
Insert into HONESTPICK.RESERVATION (RESNO,MEMBERNO,STORENO,RESCOMMENT,RESDATE,RESTIME,RESPEOPLE,RESREGIDATE,RESUPDATE,CHANGEREASON) values (611,10025,1022,'테라스 자리 이용 가능한가요?','2025-06-14','08:00','2',to_date('25/06/12','RR/MM/DD'),to_date('25/06/12','RR/MM/DD'),null);
Insert into HONESTPICK.RESERVATION (RESNO,MEMBERNO,STORENO,RESCOMMENT,RESDATE,RESTIME,RESPEOPLE,RESREGIDATE,RESUPDATE,CHANGEREASON) values (612,10037,1021,'노약자 동반이라 편한 자리 부탁해요','2024-12-05','12:00','4',to_date('25/06/12','RR/MM/DD'),to_date('25/06/12','RR/MM/DD'),null);
Insert into HONESTPICK.RESERVATION (RESNO,MEMBERNO,STORENO,RESCOMMENT,RESDATE,RESTIME,RESPEOPLE,RESREGIDATE,RESUPDATE,CHANGEREASON) values (613,10029,1026,'특별한 요청사항은 없습니다','2025-09-28','19:00','1',to_date('25/06/12','RR/MM/DD'),to_date('25/06/12','RR/MM/DD'),null);
Insert into HONESTPICK.RESERVATION (RESNO,MEMBERNO,STORENO,RESCOMMENT,RESDATE,RESTIME,RESPEOPLE,RESREGIDATE,RESUPDATE,CHANGEREASON) values (614,10048,1025,'포장 주문도 함께 할 예정이에요','2025-05-17','13:00','3',to_date('25/06/12','RR/MM/DD'),to_date('25/06/12','RR/MM/DD'),null);
Insert into HONESTPICK.RESERVATION (RESNO,MEMBERNO,STORENO,RESCOMMENT,RESDATE,RESTIME,RESPEOPLE,RESREGIDATE,RESUPDATE,CHANGEREASON) values (615,10022,1024,'창가 자리로 부탁드립니다','2025-12-01','17:00','2',to_date('25/06/12','RR/MM/DD'),to_date('25/06/12','RR/MM/DD'),null);
Insert into HONESTPICK.RESERVATION (RESNO,MEMBERNO,STORENO,RESCOMMENT,RESDATE,RESTIME,RESPEOPLE,RESREGIDATE,RESUPDATE,CHANGEREASON) values (616,10046,1029,'조용한 자리 요청합니다','2025-03-08','15:00','4',to_date('25/06/12','RR/MM/DD'),to_date('25/06/12','RR/MM/DD'),null);
Insert into HONESTPICK.RESERVATION (RESNO,MEMBERNO,STORENO,RESCOMMENT,RESDATE,RESTIME,RESPEOPLE,RESREGIDATE,RESUPDATE,CHANGEREASON) values (618,10040,1032,'단체 예약이라 미리 세팅 부탁해요','2025-01-25','21:00','8',to_date('25/06/12','RR/MM/DD'),to_date('25/06/12','RR/MM/DD'),null);
Insert into HONESTPICK.RESERVATION (RESNO,MEMBERNO,STORENO,RESCOMMENT,RESDATE,RESTIME,RESPEOPLE,RESREGIDATE,RESUPDATE,CHANGEREASON) values (620,10045,1031,'주차 가능한지 확인 부탁드려요','2025-04-29','16:00','2',to_date('25/06/12','RR/MM/DD'),to_date('25/06/12','RR/MM/DD'),null);
Insert into HONESTPICK.RESERVATION (RESNO,MEMBERNO,STORENO,RESCOMMENT,RESDATE,RESTIME,RESPEOPLE,RESREGIDATE,RESUPDATE,CHANGEREASON) values (621,10030,1034,'비건 메뉴 있는지 문의드려요','2025-07-03','10:00','1',to_date('25/06/12','RR/MM/DD'),to_date('25/06/12','RR/MM/DD'),null);
Insert into HONESTPICK.RESERVATION (RESNO,MEMBERNO,STORENO,RESCOMMENT,RESDATE,RESTIME,RESPEOPLE,RESREGIDATE,RESUPDATE,CHANGEREASON) values (623,10024,1021,'알레르기 있어서 재료 확인 부탁해요','2024-12-17','15:00','3',to_date('25/06/12','RR/MM/DD'),to_date('25/06/12','RR/MM/DD'),null);
Insert into HONESTPICK.RESERVATION (RESNO,MEMBERNO,STORENO,RESCOMMENT,RESDATE,RESTIME,RESPEOPLE,RESREGIDATE,RESUPDATE,CHANGEREASON) values (624,10049,1026,'노약자 동반이라 편한 자리 부탁해요','2025-06-21','11:00','4',to_date('25/06/12','RR/MM/DD'),to_date('25/06/12','RR/MM/DD'),null);
Insert into HONESTPICK.RESERVATION (RESNO,MEMBERNO,STORENO,RESCOMMENT,RESDATE,RESTIME,RESPEOPLE,RESREGIDATE,RESUPDATE,CHANGEREASON) values (625,10032,1025,'할인 쿠폰 사용 예정입니다','2025-09-06','17:00','2',to_date('25/06/12','RR/MM/DD'),to_date('25/06/12','RR/MM/DD'),null);
Insert into HONESTPICK.RESERVATION (RESNO,MEMBERNO,STORENO,RESCOMMENT,RESDATE,RESTIME,RESPEOPLE,RESREGIDATE,RESUPDATE,CHANGEREASON) values (626,10043,1024,'개인실 이용 가능한지 확인해주세요','2025-02-22','14:00','6',to_date('25/06/12','RR/MM/DD'),to_date('25/06/12','RR/MM/DD'),null);
Insert into HONESTPICK.RESERVATION (RESNO,MEMBERNO,STORENO,RESCOMMENT,RESDATE,RESTIME,RESPEOPLE,RESREGIDATE,RESUPDATE,CHANGEREASON) values (627,10036,1029,'테라스 자리 이용 가능한가요?','2025-05-04','18:00','3',to_date('25/06/12','RR/MM/DD'),to_date('25/06/12','RR/MM/DD'),null);
Insert into HONESTPICK.RESERVATION (RESNO,MEMBERNO,STORENO,RESCOMMENT,RESDATE,RESTIME,RESPEOPLE,RESREGIDATE,RESUPDATE,CHANGEREASON) values (628,10050,1027,'포장 주문도 함께 할 예정이에요','2025-12-23','19:00','2',to_date('25/06/12','RR/MM/DD'),to_date('25/06/12','RR/MM/DD'),null);
Insert into HONESTPICK.RESERVATION (RESNO,MEMBERNO,STORENO,RESCOMMENT,RESDATE,RESTIME,RESPEOPLE,RESREGIDATE,RESUPDATE,CHANGEREASON) values (629,10021,1032,'특별한 요청사항은 없습니다','2025-08-30','22:00','4',to_date('25/06/12','RR/MM/DD'),to_date('25/06/12','RR/MM/DD'),null);
Insert into HONESTPICK.RESERVATION (RESNO,MEMBERNO,STORENO,RESCOMMENT,RESDATE,RESTIME,RESPEOPLE,RESREGIDATE,RESUPDATE,CHANGEREASON) values (630,10004,1031,'testtest','2025-06-30','18:00','2',to_date('25/06/15','RR/MM/DD'),to_date('25/06/15','RR/MM/DD'),null);
Insert into HONESTPICK.RESERVATION (RESNO,MEMBERNO,STORENO,RESCOMMENT,RESDATE,RESTIME,RESPEOPLE,RESREGIDATE,RESUPDATE,CHANGEREASON) values (650,10020,1031,null,'2025-07-09','13:00','2',to_date('25/07/01','RR/MM/DD'),to_date('25/07/01','RR/MM/DD'),' ');
Insert into HONESTPICK.RESERVATION (RESNO,MEMBERNO,STORENO,RESCOMMENT,RESDATE,RESTIME,RESPEOPLE,RESREGIDATE,RESUPDATE,CHANGEREASON) values (670,10020,1034,'ggg','2025-07-16','12:00','3',to_date('25/07/11','RR/MM/DD'),to_date('25/07/11','RR/MM/DD'),null);
Insert into HONESTPICK.RESERVATION (RESNO,MEMBERNO,STORENO,RESCOMMENT,RESDATE,RESTIME,RESPEOPLE,RESREGIDATE,RESUPDATE,CHANGEREASON) values (654,10055,1027,'창가자리로 부탁드립니다.','2025-07-11','11:00','4',to_date('25/07/02','RR/MM/DD'),to_date('25/07/02','RR/MM/DD'),' ');
--------------------------------------------------
-- review
Insert into HONESTPICK.REVIEW (REVIEWNO,REVIEWTITLE,REVIEWCONTENT,REVIEWESTIMATION,REVIEWRECOMMENDATION,REVIEWIMAGE,REVIEWREGIDATE,REVIEWUPDATE,STORENO,MEMBERNO,RESNO) values (100013,'깔끔한 한식','어머니가 해주신 밥 같은 정성스러운 맛이에요.',4,25,'Ditto.jpg|Ditto.jpg',to_date('25/07/11','RR/MM/DD'),to_date('25/07/11','RR/MM/DD'),1021,10023,586);
Insert into HONESTPICK.REVIEW (REVIEWNO,REVIEWTITLE,REVIEWCONTENT,REVIEWESTIMATION,REVIEWRECOMMENDATION,REVIEWIMAGE,REVIEWREGIDATE,REVIEWUPDATE,STORENO,MEMBERNO,RESNO) values (100014,'정말 맛있는 한식당','정말 맛있게 잘 먹었습니다. 집에서 먹는 것 같은 따뜻한 맛이에요.',1,14,'Shin.jpg|Shin.jpg',to_date('25/07/11','RR/MM/DD'),to_date('25/07/11','RR/MM/DD'),1021,10050,612);
Insert into HONESTPICK.REVIEW (REVIEWNO,REVIEWTITLE,REVIEWCONTENT,REVIEWESTIMATION,REVIEWRECOMMENDATION,REVIEWIMAGE,REVIEWREGIDATE,REVIEWUPDATE,STORENO,MEMBERNO,RESNO) values (100015,'푸짐한 한상차림','어머니가 해주신 밥 같은 정성스러운 맛이에요.',4,49,'matna.jpg|matna.jpg',to_date('25/07/11','RR/MM/DD'),to_date('25/07/11','RR/MM/DD'),1021,10045,612);
Insert into HONESTPICK.REVIEW (REVIEWNO,REVIEWTITLE,REVIEWCONTENT,REVIEWESTIMATION,REVIEWRECOMMENDATION,REVIEWIMAGE,REVIEWREGIDATE,REVIEWUPDATE,STORENO,MEMBERNO,RESNO) values (100016,'정갈한 한정식','전통 한식의 깊은 맛을 느낄 수 있었습니다. 재방문 의사 100%',2,21,'Jerry2.jpg|Jerry2.jpg',to_date('25/07/11','RR/MM/DD'),to_date('25/07/11','RR/MM/DD'),1021,10032,586);
Insert into HONESTPICK.REVIEW (REVIEWNO,REVIEWTITLE,REVIEWCONTENT,REVIEWESTIMATION,REVIEWRECOMMENDATION,REVIEWIMAGE,REVIEWREGIDATE,REVIEWUPDATE,STORENO,MEMBERNO,RESNO) values (100017,'정말 맛있는 한식당','어머니가 해주신 밥 같은 정성스러운 맛이에요.',2,1,'Calcifer.jpg|Calcifer.jpg',to_date('25/07/11','RR/MM/DD'),to_date('25/07/11','RR/MM/DD'),1021,10036,558);
Insert into HONESTPICK.REVIEW (REVIEWNO,REVIEWTITLE,REVIEWCONTENT,REVIEWESTIMATION,REVIEWRECOMMENDATION,REVIEWIMAGE,REVIEWREGIDATE,REVIEWUPDATE,STORENO,MEMBERNO,RESNO) values (100018,'괜찮은 맛집','깔끔하고 맛있는 식당이에요.',4,17,'Koala.jpg|Koala.jpg',to_date('25/07/11','RR/MM/DD'),to_date('25/07/11','RR/MM/DD'),1022,10043,507);
Insert into HONESTPICK.REVIEW (REVIEWNO,REVIEWTITLE,REVIEWCONTENT,REVIEWESTIMATION,REVIEWRECOMMENDATION,REVIEWIMAGE,REVIEWREGIDATE,REVIEWUPDATE,STORENO,MEMBERNO,RESNO) values (100019,'맛있게 잘 먹었어요','음식도 맛있고 서비스도 좋아서 만족스럽습니다.',4,27,'Rex.jpg|Rex.jpg',to_date('25/07/11','RR/MM/DD'),to_date('25/07/11','RR/MM/DD'),1022,10030,548);
Insert into HONESTPICK.REVIEW (REVIEWNO,REVIEWTITLE,REVIEWCONTENT,REVIEWESTIMATION,REVIEWRECOMMENDATION,REVIEWIMAGE,REVIEWREGIDATE,REVIEWUPDATE,STORENO,MEMBERNO,RESNO) values (100020,'만족스러운 식사','괜찮은 맛집이에요. 추천합니다.',2,22,'Pinocchio.jpg|Pinocchio.jpg',to_date('25/07/11','RR/MM/DD'),to_date('25/07/11','RR/MM/DD'),1022,10036,534);
Insert into HONESTPICK.REVIEW (REVIEWNO,REVIEWTITLE,REVIEWCONTENT,REVIEWESTIMATION,REVIEWRECOMMENDATION,REVIEWIMAGE,REVIEWREGIDATE,REVIEWUPDATE,STORENO,MEMBERNO,RESNO) values (100021,'맛있게 잘 먹었어요','만족스러운 식사였습니다. 재방문 의사 있어요.',3,32,'Snoopy.jpg|Snoopy.jpg',to_date('25/07/11','RR/MM/DD'),to_date('25/07/11','RR/MM/DD'),1022,10037,548);
Insert into HONESTPICK.REVIEW (REVIEWNO,REVIEWTITLE,REVIEWCONTENT,REVIEWESTIMATION,REVIEWRECOMMENDATION,REVIEWIMAGE,REVIEWREGIDATE,REVIEWUPDATE,STORENO,MEMBERNO,RESNO) values (100022,'중화요리 전문점','깔끔하고 맛있는 중식당이에요. 재방문 의사 있습니다.',2,4,'Tom.jpg|Tom.jpg',to_date('25/07/11','RR/MM/DD'),to_date('25/07/11','RR/MM/DD'),1023,10035,555);
Insert into HONESTPICK.REVIEW (REVIEWNO,REVIEWTITLE,REVIEWCONTENT,REVIEWESTIMATION,REVIEWRECOMMENDATION,REVIEWIMAGE,REVIEWREGIDATE,REVIEWUPDATE,STORENO,MEMBERNO,RESNO) values (100023,'탕수육 맛집','중화요리 전문점답게 다양한 메뉴가 모두 맛있어요.',3,46,'Olaf.jpg|Olaf.jpg',to_date('25/07/11','RR/MM/DD'),to_date('25/07/11','RR/MM/DD'),1023,10024,570);
Insert into HONESTPICK.REVIEW (REVIEWNO,REVIEWTITLE,REVIEWCONTENT,REVIEWESTIMATION,REVIEWRECOMMENDATION,REVIEWIMAGE,REVIEWREGIDATE,REVIEWUPDATE,STORENO,MEMBERNO,RESNO) values (100024,'탕수육 맛집','중화요리 전문점답게 다양한 메뉴가 모두 맛있어요.',2,20,'Genie.jpg|Genie.jpg',to_date('25/07/11','RR/MM/DD'),to_date('25/07/11','RR/MM/DD'),1023,10035,555);
Insert into HONESTPICK.REVIEW (REVIEWNO,REVIEWTITLE,REVIEWCONTENT,REVIEWESTIMATION,REVIEWRECOMMENDATION,REVIEWIMAGE,REVIEWREGIDATE,REVIEWUPDATE,STORENO,MEMBERNO,RESNO) values (100025,'짜장면 맛집','탕수육이 바삭바삭하고 소스도 맛있어요. 추천합니다.',4,16,'Minions.jpg|Minions.jpg',to_date('25/07/11','RR/MM/DD'),to_date('25/07/11','RR/MM/DD'),1023,10049,570);
Insert into HONESTPICK.REVIEW (REVIEWNO,REVIEWTITLE,REVIEWCONTENT,REVIEWESTIMATION,REVIEWRECOMMENDATION,REVIEWIMAGE,REVIEWREGIDATE,REVIEWUPDATE,STORENO,MEMBERNO,RESNO) values (100026,'탕수육 맛집','가격도 합리적이고 맛도 좋아서 자주 올 것 같아요.',5,24,'Jerry3.jpg|Jerry3.jpg',to_date('25/07/11','RR/MM/DD'),to_date('25/07/11','RR/MM/DD'),1023,10029,541);
Insert into HONESTPICK.REVIEW (REVIEWNO,REVIEWTITLE,REVIEWCONTENT,REVIEWESTIMATION,REVIEWRECOMMENDATION,REVIEWIMAGE,REVIEWREGIDATE,REVIEWUPDATE,STORENO,MEMBERNO,RESNO) values (100027,'괜찮은 맛집','가격 대비 맛있어서 좋아요.',5,4,'Miffy.jpg|Miffy.jpg',to_date('25/07/11','RR/MM/DD'),to_date('25/07/11','RR/MM/DD'),1024,10023,575);
Insert into HONESTPICK.REVIEW (REVIEWNO,REVIEWTITLE,REVIEWCONTENT,REVIEWESTIMATION,REVIEWRECOMMENDATION,REVIEWIMAGE,REVIEWREGIDATE,REVIEWUPDATE,STORENO,MEMBERNO,RESNO) values (100028,'좋은 식당','맛있게 잘 먹었습니다. 다음에도 올 것 같아요.',1,16,'Florkofcows.jpg|Florkofcows.jpg',to_date('25/07/11','RR/MM/DD'),to_date('25/07/11','RR/MM/DD'),1024,10029,605);
Insert into HONESTPICK.REVIEW (REVIEWNO,REVIEWTITLE,REVIEWCONTENT,REVIEWESTIMATION,REVIEWRECOMMENDATION,REVIEWIMAGE,REVIEWREGIDATE,REVIEWUPDATE,STORENO,MEMBERNO,RESNO) values (100029,'좋은 식당','음식도 맛있고 서비스도 좋아서 만족스럽습니다.',2,15,'Moomin.jpg|Moomin.jpg',to_date('25/07/11','RR/MM/DD'),to_date('25/07/11','RR/MM/DD'),1024,10032,588);
Insert into HONESTPICK.REVIEW (REVIEWNO,REVIEWTITLE,REVIEWCONTENT,REVIEWESTIMATION,REVIEWRECOMMENDATION,REVIEWIMAGE,REVIEWREGIDATE,REVIEWUPDATE,STORENO,MEMBERNO,RESNO) values (100030,'만족스러운 식사','괜찮은 맛집이에요. 추천합니다.',2,24,'Piglet.jpg|Piglet.jpg',to_date('25/07/11','RR/MM/DD'),to_date('25/07/11','RR/MM/DD'),1024,10032,516);
Insert into HONESTPICK.REVIEW (REVIEWNO,REVIEWTITLE,REVIEWCONTENT,REVIEWESTIMATION,REVIEWRECOMMENDATION,REVIEWIMAGE,REVIEWREGIDATE,REVIEWUPDATE,STORENO,MEMBERNO,RESNO) values (100031,'만족스러운 식사','가격 대비 맛있어서 좋아요.',1,35,'WeBearBears.jpg|WeBearBears.jpg',to_date('25/07/11','RR/MM/DD'),to_date('25/07/11','RR/MM/DD'),1024,10025,615);
Insert into HONESTPICK.REVIEW (REVIEWNO,REVIEWTITLE,REVIEWCONTENT,REVIEWESTIMATION,REVIEWRECOMMENDATION,REVIEWIMAGE,REVIEWREGIDATE,REVIEWUPDATE,STORENO,MEMBERNO,RESNO) values (100032,'일본 현지 맛','깔끔하고 정갈한 일식당이에요. 서비스도 좋습니다.',1,46,'Jerry.jpg|Jerry.jpg',to_date('25/07/11','RR/MM/DD'),to_date('25/07/11','RR/MM/DD'),1025,10041,604);
Insert into HONESTPICK.REVIEW (REVIEWNO,REVIEWTITLE,REVIEWCONTENT,REVIEWESTIMATION,REVIEWRECOMMENDATION,REVIEWIMAGE,REVIEWREGIDATE,REVIEWUPDATE,STORENO,MEMBERNO,RESNO) values (100033,'일본 현지 맛','초밥이 정말 맛있어요. 셰프의 솜씨가 느껴집니다.',2,47,'TomAndJerry3.jpg|TomAndJerry3.jpg',to_date('25/07/11','RR/MM/DD'),to_date('25/07/11','RR/MM/DD'),1025,10024,626);
Insert into HONESTPICK.REVIEW (REVIEWNO,REVIEWTITLE,REVIEWCONTENT,REVIEWESTIMATION,REVIEWRECOMMENDATION,REVIEWIMAGE,REVIEWREGIDATE,REVIEWUPDATE,STORENO,MEMBERNO,RESNO) values (100035,'일본 현지 맛','깔끔하고 정갈한 일식당이에요. 서비스도 좋습니다.',2,16,'Shin.jpg|Shin.jpg',to_date('25/07/11','RR/MM/DD'),to_date('25/07/11','RR/MM/DD'),1025,10044,614);
Insert into HONESTPICK.REVIEW (REVIEWNO,REVIEWTITLE,REVIEWCONTENT,REVIEWESTIMATION,REVIEWRECOMMENDATION,REVIEWIMAGE,REVIEWREGIDATE,REVIEWUPDATE,STORENO,MEMBERNO,RESNO) values (100036,'일본 현지 맛','일본 현지에서 먹는 것 같은 정통 맛이에요.',5,48,'sushi.jpg|sushi.jpg',to_date('25/07/11','RR/MM/DD'),to_date('25/07/11','RR/MM/DD'),1025,10037,625);
Insert into HONESTPICK.REVIEW (REVIEWNO,REVIEWTITLE,REVIEWCONTENT,REVIEWESTIMATION,REVIEWRECOMMENDATION,REVIEWIMAGE,REVIEWREGIDATE,REVIEWUPDATE,STORENO,MEMBERNO,RESNO) values (100037,'추억의 분식집','간단하게 한끼 때우기 좋은 곳이에요. 맛도 좋습니다.',2,17,'Boo.jpg|Boo.jpg',to_date('25/07/11','RR/MM/DD'),to_date('25/07/11','RR/MM/DD'),1026,10033,554);
Insert into HONESTPICK.REVIEW (REVIEWNO,REVIEWTITLE,REVIEWCONTENT,REVIEWESTIMATION,REVIEWRECOMMENDATION,REVIEWIMAGE,REVIEWREGIDATE,REVIEWUPDATE,STORENO,MEMBERNO,RESNO) values (100039,'추억의 분식집','학교 앞 분식집 같은 정겨운 맛이에요.',4,42,'Chopper.jpg|Chopper.jpg',to_date('25/07/11','RR/MM/DD'),to_date('25/07/11','RR/MM/DD'),1026,10036,582);
Insert into HONESTPICK.REVIEW (REVIEWNO,REVIEWTITLE,REVIEWCONTENT,REVIEWESTIMATION,REVIEWRECOMMENDATION,REVIEWIMAGE,REVIEWREGIDATE,REVIEWUPDATE,STORENO,MEMBERNO,RESNO) values (100040,'맛있는 떡볶이','김밥도 맛있고 떡볶이도 맛있어서 자주 와요.',2,7,'Totoro4.jpg|Totoro4.jpg',to_date('25/07/11','RR/MM/DD'),to_date('25/07/11','RR/MM/DD'),1026,10046,564);
Insert into HONESTPICK.REVIEW (REVIEWNO,REVIEWTITLE,REVIEWCONTENT,REVIEWESTIMATION,REVIEWRECOMMENDATION,REVIEWIMAGE,REVIEWREGIDATE,REVIEWUPDATE,STORENO,MEMBERNO,RESNO) values (100041,'정통 서양 요리','스테이크가 완벽하게 구워져 나왔어요. 육즙이 살아있습니다.',1,4,'100041.jpg|100041.jpg',to_date('25/07/11','RR/MM/DD'),to_date('25/07/11','RR/MM/DD'),1027,10048,550);
Insert into HONESTPICK.REVIEW (REVIEWNO,REVIEWTITLE,REVIEWCONTENT,REVIEWESTIMATION,REVIEWRECOMMENDATION,REVIEWIMAGE,REVIEWREGIDATE,REVIEWUPDATE,STORENO,MEMBERNO,RESNO) values (100042,'파스타 맛집','정통 서양 요리를 맛볼 수 있는 곳이에요. 만족스럽습니다.',1,42,'100042.jpg|100042.jpg',to_date('25/07/11','RR/MM/DD'),to_date('25/07/11','RR/MM/DD'),1027,10025,525);
Insert into HONESTPICK.REVIEW (REVIEWNO,REVIEWTITLE,REVIEWCONTENT,REVIEWESTIMATION,REVIEWRECOMMENDATION,REVIEWIMAGE,REVIEWREGIDATE,REVIEWUPDATE,STORENO,MEMBERNO,RESNO) values (100043,'정통 서양 요리','직원 서비스도 좋고 음식 퀄리티도 높아요.',2,1,'100043.jpg|100043.jpg',to_date('25/07/11','RR/MM/DD'),to_date('25/07/11','RR/MM/DD'),1027,10050,590);
Insert into HONESTPICK.REVIEW (REVIEWNO,REVIEWTITLE,REVIEWCONTENT,REVIEWESTIMATION,REVIEWRECOMMENDATION,REVIEWIMAGE,REVIEWREGIDATE,REVIEWUPDATE,STORENO,MEMBERNO,RESNO) values (100044,'맛있는 양식당','정통 서양 요리를 맛볼 수 있는 곳이에요. 만족스럽습니다.',5,24,'100044.jpg|100044.jpg',to_date('25/07/11','RR/MM/DD'),to_date('25/07/11','RR/MM/DD'),1027,10026,613);
Insert into HONESTPICK.REVIEW (REVIEWNO,REVIEWTITLE,REVIEWCONTENT,REVIEWESTIMATION,REVIEWRECOMMENDATION,REVIEWIMAGE,REVIEWREGIDATE,REVIEWUPDATE,STORENO,MEMBERNO,RESNO) values (100046,'좋은 식당','괜찮은 맛집이에요. 추천합니다.',4,3,'Duck2.jpg|Duck2.jpg',to_date('25/07/11','RR/MM/DD'),to_date('25/07/11','RR/MM/DD'),1028,10040,503);
Insert into HONESTPICK.REVIEW (REVIEWNO,REVIEWTITLE,REVIEWCONTENT,REVIEWESTIMATION,REVIEWRECOMMENDATION,REVIEWIMAGE,REVIEWREGIDATE,REVIEWUPDATE,STORENO,MEMBERNO,RESNO) values (100047,'좋은 식당','가격 대비 맛있어서 좋아요.',4,3,'ToyStory.jpg|ToyStory.jpg',to_date('25/07/11','RR/MM/DD'),to_date('25/07/11','RR/MM/DD'),1028,10033,567);
Insert into HONESTPICK.REVIEW (REVIEWNO,REVIEWTITLE,REVIEWCONTENT,REVIEWESTIMATION,REVIEWRECOMMENDATION,REVIEWIMAGE,REVIEWREGIDATE,REVIEWUPDATE,STORENO,MEMBERNO,RESNO) values (100048,'맛있게 잘 먹었어요','음식도 맛있고 서비스도 좋아서 만족스럽습니다.',2,21,'Totoro.jpg|Totoro.jpg',to_date('25/07/11','RR/MM/DD'),to_date('25/07/11','RR/MM/DD'),1028,10034,628);
Insert into HONESTPICK.REVIEW (REVIEWNO,REVIEWTITLE,REVIEWCONTENT,REVIEWESTIMATION,REVIEWRECOMMENDATION,REVIEWIMAGE,REVIEWREGIDATE,REVIEWUPDATE,STORENO,MEMBERNO,RESNO) values (100049,'맛있는 음식점','만족스러운 식사였습니다. 재방문 의사 있어요.',2,7,'Pooh2.jpg|Pooh2.jpg',to_date('25/07/11','RR/MM/DD'),to_date('25/07/11','RR/MM/DD'),1028,10036,596);
Insert into HONESTPICK.REVIEW (REVIEWNO,REVIEWTITLE,REVIEWCONTENT,REVIEWESTIMATION,REVIEWRECOMMENDATION,REVIEWIMAGE,REVIEWREGIDATE,REVIEWUPDATE,STORENO,MEMBERNO,RESNO) values (100050,'좋은 식당','가격 대비 맛있어서 좋아요.',3,9,'Pooh3.jpg|Pooh3.jpg',to_date('25/07/11','RR/MM/DD'),to_date('25/07/11','RR/MM/DD'),1029,10022,587);
Insert into HONESTPICK.REVIEW (REVIEWNO,REVIEWTITLE,REVIEWCONTENT,REVIEWESTIMATION,REVIEWRECOMMENDATION,REVIEWIMAGE,REVIEWREGIDATE,REVIEWUPDATE,STORENO,MEMBERNO,RESNO) values (100052,'좋은 식당','깔끔하고 맛있는 식당이에요.',1,3,'Ditto.jpg|Ditto.jpg',to_date('25/07/11','RR/MM/DD'),to_date('25/07/11','RR/MM/DD'),1029,10027,546);
Insert into HONESTPICK.REVIEW (REVIEWNO,REVIEWTITLE,REVIEWCONTENT,REVIEWESTIMATION,REVIEWRECOMMENDATION,REVIEWIMAGE,REVIEWREGIDATE,REVIEWUPDATE,STORENO,MEMBERNO,RESNO) values (100053,'좋은 식당','깔끔하고 맛있는 식당이에요.',3,16,'Totoro5.jpg|Totoro5.jpg',to_date('25/07/11','RR/MM/DD'),to_date('25/07/11','RR/MM/DD'),1029,10024,571);
Insert into HONESTPICK.REVIEW (REVIEWNO,REVIEWTITLE,REVIEWCONTENT,REVIEWESTIMATION,REVIEWRECOMMENDATION,REVIEWIMAGE,REVIEWREGIDATE,REVIEWUPDATE,STORENO,MEMBERNO,RESNO) values (100054,'좋은 식당','만족스러운 식사였습니다. 재방문 의사 있어요.',5,41,'Baymax.jpg|Baymax.jpg',to_date('25/07/11','RR/MM/DD'),to_date('25/07/11','RR/MM/DD'),1029,10031,559);
Insert into HONESTPICK.REVIEW (REVIEWNO,REVIEWTITLE,REVIEWCONTENT,REVIEWESTIMATION,REVIEWRECOMMENDATION,REVIEWIMAGE,REVIEWREGIDATE,REVIEWUPDATE,STORENO,MEMBERNO,RESNO) values (100055,'만족스러운 식사','가격 대비 맛있어서 좋아요.',2,28,'Shin.jpg|Shin.jpg',to_date('25/07/11','RR/MM/DD'),to_date('25/07/11','RR/MM/DD'),1029,10047,517);
Insert into HONESTPICK.REVIEW (REVIEWNO,REVIEWTITLE,REVIEWCONTENT,REVIEWESTIMATION,REVIEWRECOMMENDATION,REVIEWIMAGE,REVIEWREGIDATE,REVIEWUPDATE,STORENO,MEMBERNO,RESNO) values (100056,'맛있는 음식점','음식도 맛있고 서비스도 좋아서 만족스럽습니다.',2,43,'Crab.jpg|Crab.jpg',to_date('25/07/11','RR/MM/DD'),to_date('25/07/11','RR/MM/DD'),1029,10023,565);
Insert into HONESTPICK.REVIEW (REVIEWNO,REVIEWTITLE,REVIEWCONTENT,REVIEWESTIMATION,REVIEWRECOMMENDATION,REVIEWIMAGE,REVIEWREGIDATE,REVIEWUPDATE,STORENO,MEMBERNO,RESNO) values (100057,'만족스러운 식사','만족스러운 식사였습니다. 재방문 의사 있어요.',5,7,'Totoro6.jpg|Totoro6.jpg',to_date('25/07/11','RR/MM/DD'),to_date('25/07/11','RR/MM/DD'),1030,10047,516);
Insert into HONESTPICK.REVIEW (REVIEWNO,REVIEWTITLE,REVIEWCONTENT,REVIEWESTIMATION,REVIEWRECOMMENDATION,REVIEWIMAGE,REVIEWREGIDATE,REVIEWUPDATE,STORENO,MEMBERNO,RESNO) values (100059,'만족스러운 식사','괜찮은 맛집이에요. 추천합니다.',3,23,'Minions.jpg|Minions.jpg',to_date('25/07/11','RR/MM/DD'),to_date('25/07/11','RR/MM/DD'),1030,10036,565);
Insert into HONESTPICK.REVIEW (REVIEWNO,REVIEWTITLE,REVIEWCONTENT,REVIEWESTIMATION,REVIEWRECOMMENDATION,REVIEWIMAGE,REVIEWREGIDATE,REVIEWUPDATE,STORENO,MEMBERNO,RESNO) values (100060,'맛있는 음식점','맛있게 잘 먹었습니다. 다음에도 올 것 같아요.',2,38,'Totoro3.jpg|Totoro3.jpg',to_date('25/07/11','RR/MM/DD'),to_date('25/07/11','RR/MM/DD'),1030,10040,591);
Insert into HONESTPICK.REVIEW (REVIEWNO,REVIEWTITLE,REVIEWCONTENT,REVIEWESTIMATION,REVIEWRECOMMENDATION,REVIEWIMAGE,REVIEWREGIDATE,REVIEWUPDATE,STORENO,MEMBERNO,RESNO) values (100061,'맛있는 음식점','괜찮은 맛집이에요. 추천합니다.',3,29,'Snoopy.jpg|Snoopy.jpg',to_date('25/07/11','RR/MM/DD'),to_date('25/07/11','RR/MM/DD'),1030,10041,579);
Insert into HONESTPICK.REVIEW (REVIEWNO,REVIEWTITLE,REVIEWCONTENT,REVIEWESTIMATION,REVIEWRECOMMENDATION,REVIEWIMAGE,REVIEWREGIDATE,REVIEWUPDATE,STORENO,MEMBERNO,RESNO) values (100062,'추천하는 식당','괜찮은 맛집이에요. 추천합니다.',2,34,'Genie.jpg|Genie.jpg',to_date('25/07/11','RR/MM/DD'),to_date('25/07/11','RR/MM/DD'),1030,10044,508);
Insert into HONESTPICK.REVIEW (REVIEWNO,REVIEWTITLE,REVIEWCONTENT,REVIEWESTIMATION,REVIEWRECOMMENDATION,REVIEWIMAGE,REVIEWREGIDATE,REVIEWUPDATE,STORENO,MEMBERNO,RESNO) values (100063,'맛있게 잘 먹었어요','음식도 맛있고 서비스도 좋아서 만족스럽습니다.',4,0,'Totoro4.jpg|Totoro4.jpg',to_date('25/07/11','RR/MM/DD'),to_date('25/07/11','RR/MM/DD'),1030,10026,509);
Insert into HONESTPICK.REVIEW (REVIEWNO,REVIEWTITLE,REVIEWCONTENT,REVIEWESTIMATION,REVIEWRECOMMENDATION,REVIEWIMAGE,REVIEWREGIDATE,REVIEWUPDATE,STORENO,MEMBERNO,RESNO) values (100064,'추천하는 식당','깔끔하고 맛있는 식당이에요.',2,18,'MrsPotts.jpg|MrsPotts.jpg',to_date('25/07/11','RR/MM/DD'),to_date('25/07/11','RR/MM/DD'),1031,10041,535);
Insert into HONESTPICK.REVIEW (REVIEWNO,REVIEWTITLE,REVIEWCONTENT,REVIEWESTIMATION,REVIEWRECOMMENDATION,REVIEWIMAGE,REVIEWREGIDATE,REVIEWUPDATE,STORENO,MEMBERNO,RESNO) values (100065,'맛있게 잘 먹었어요','가격 대비 맛있어서 좋아요.',2,8,'MrCoffee.jpg|MrCoffee.jpg',to_date('25/07/11','RR/MM/DD'),to_date('25/07/11','RR/MM/DD'),1031,10030,574);
Insert into HONESTPICK.REVIEW (REVIEWNO,REVIEWTITLE,REVIEWCONTENT,REVIEWESTIMATION,REVIEWRECOMMENDATION,REVIEWIMAGE,REVIEWREGIDATE,REVIEWUPDATE,STORENO,MEMBERNO,RESNO) values (100066,'맛있는 음식점','괜찮은 맛집이에요. 추천합니다.',3,19,'Miffy.jpg|Miffy.jpg',to_date('25/07/11','RR/MM/DD'),to_date('25/07/11','RR/MM/DD'),1031,10036,520);
Insert into HONESTPICK.REVIEW (REVIEWNO,REVIEWTITLE,REVIEWCONTENT,REVIEWESTIMATION,REVIEWRECOMMENDATION,REVIEWIMAGE,REVIEWREGIDATE,REVIEWUPDATE,STORENO,MEMBERNO,RESNO) values (100067,'괜찮은 맛집','가격 대비 맛있어서 좋아요.',5,32,'MrCoffee.jpg|MrCoffee.jpg',to_date('25/07/11','RR/MM/DD'),to_date('25/07/11','RR/MM/DD'),1031,10038,561);
Insert into HONESTPICK.REVIEW (REVIEWNO,REVIEWTITLE,REVIEWCONTENT,REVIEWESTIMATION,REVIEWRECOMMENDATION,REVIEWIMAGE,REVIEWREGIDATE,REVIEWUPDATE,STORENO,MEMBERNO,RESNO) values (100068,'만족스러운 식사','가격 대비 맛있어서 좋아요.',5,29,'Calcifer.jpg|Calcifer.jpg',to_date('25/07/11','RR/MM/DD'),to_date('25/07/11','RR/MM/DD'),1031,10028,509);
Insert into HONESTPICK.REVIEW (REVIEWNO,REVIEWTITLE,REVIEWCONTENT,REVIEWESTIMATION,REVIEWRECOMMENDATION,REVIEWIMAGE,REVIEWREGIDATE,REVIEWUPDATE,STORENO,MEMBERNO,RESNO) values (100069,'만족스러운 식사','가격 대비 맛있어서 좋아요.',5,6,'Totoro5.jpg|Totoro5.jpg',to_date('25/07/11','RR/MM/DD'),to_date('25/07/11','RR/MM/DD'),1031,10034,574);
Insert into HONESTPICK.REVIEW (REVIEWNO,REVIEWTITLE,REVIEWCONTENT,REVIEWESTIMATION,REVIEWRECOMMENDATION,REVIEWIMAGE,REVIEWREGIDATE,REVIEWUPDATE,STORENO,MEMBERNO,RESNO) values (100070,'만족스러운 식사','맛있게 잘 먹었습니다. 다음에도 올 것 같아요.',3,14,'Piglet.jpg|Piglet.jpg',to_date('25/07/11','RR/MM/DD'),to_date('25/07/11','RR/MM/DD'),1031,10041,597);
Insert into HONESTPICK.REVIEW (REVIEWNO,REVIEWTITLE,REVIEWCONTENT,REVIEWESTIMATION,REVIEWRECOMMENDATION,REVIEWIMAGE,REVIEWREGIDATE,REVIEWUPDATE,STORENO,MEMBERNO,RESNO) values (100071,'만족스러운 식사','만족스러운 식사였습니다. 재방문 의사 있어요.',1,26,'Tom.jpg|Tom.jpg',to_date('25/07/11','RR/MM/DD'),to_date('25/07/11','RR/MM/DD'),1032,10021,580);
Insert into HONESTPICK.REVIEW (REVIEWNO,REVIEWTITLE,REVIEWCONTENT,REVIEWESTIMATION,REVIEWRECOMMENDATION,REVIEWIMAGE,REVIEWREGIDATE,REVIEWUPDATE,STORENO,MEMBERNO,RESNO) values (100072,'만족스러운 식사','깔끔하고 맛있는 식당이에요.',2,35,'Pooh.jpg|Pooh.jpg',to_date('25/07/11','RR/MM/DD'),to_date('25/07/11','RR/MM/DD'),1032,10022,521);
Insert into HONESTPICK.REVIEW (REVIEWNO,REVIEWTITLE,REVIEWCONTENT,REVIEWESTIMATION,REVIEWRECOMMENDATION,REVIEWIMAGE,REVIEWREGIDATE,REVIEWUPDATE,STORENO,MEMBERNO,RESNO) values (100073,'맛있는 음식점','가격 대비 맛있어서 좋아요.',5,2,'Alien.jpg|Alien.jpg',to_date('25/07/11','RR/MM/DD'),to_date('25/07/11','RR/MM/DD'),1032,10033,537);
Insert into HONESTPICK.REVIEW (REVIEWNO,REVIEWTITLE,REVIEWCONTENT,REVIEWESTIMATION,REVIEWRECOMMENDATION,REVIEWIMAGE,REVIEWREGIDATE,REVIEWUPDATE,STORENO,MEMBERNO,RESNO) values (100074,'괜찮은 맛집','깔끔하고 맛있는 식당이에요.',2,25,'Ditto.jpg|Ditto.jpg',to_date('25/07/11','RR/MM/DD'),to_date('25/07/11','RR/MM/DD'),1032,10028,566);
Insert into HONESTPICK.REVIEW (REVIEWNO,REVIEWTITLE,REVIEWCONTENT,REVIEWESTIMATION,REVIEWRECOMMENDATION,REVIEWIMAGE,REVIEWREGIDATE,REVIEWUPDATE,STORENO,MEMBERNO,RESNO) values (100075,'추천하는 식당','만족스러운 식사였습니다. 재방문 의사 있어요.',1,41,'Boo.jpg|Boo.jpg',to_date('25/07/11','RR/MM/DD'),to_date('25/07/11','RR/MM/DD'),1032,10039,510);
Insert into HONESTPICK.REVIEW (REVIEWNO,REVIEWTITLE,REVIEWCONTENT,REVIEWESTIMATION,REVIEWRECOMMENDATION,REVIEWIMAGE,REVIEWREGIDATE,REVIEWUPDATE,STORENO,MEMBERNO,RESNO) values (100076,'맛있게 잘 먹었어요','깔끔하고 맛있는 식당이에요.',2,1,'TomAndJerry2.jpg|TomAndJerry2.jpg',to_date('25/07/11','RR/MM/DD'),to_date('25/07/11','RR/MM/DD'),1032,10041,594);
Insert into HONESTPICK.REVIEW (REVIEWNO,REVIEWTITLE,REVIEWCONTENT,REVIEWESTIMATION,REVIEWRECOMMENDATION,REVIEWIMAGE,REVIEWREGIDATE,REVIEWUPDATE,STORENO,MEMBERNO,RESNO) values (100077,'깔끔한 한식','반찬도 깔끔하고 메인 요리도 정말 맛있어요. 다시 올 것 같습니다.',2,2,'Jerry.jpg|Jerry.jpg',to_date('25/07/11','RR/MM/DD'),to_date('25/07/11','RR/MM/DD'),1033,10036,552);
Insert into HONESTPICK.REVIEW (REVIEWNO,REVIEWTITLE,REVIEWCONTENT,REVIEWESTIMATION,REVIEWRECOMMENDATION,REVIEWIMAGE,REVIEWREGIDATE,REVIEWUPDATE,STORENO,MEMBERNO,RESNO) values (100078,'푸짐한 한상차림','정말 맛있게 잘 먹었습니다. 집에서 먹는 것 같은 따뜻한 맛이에요.',4,28,'PatrickStar.jpg|PatrickStar.jpg',to_date('25/07/11','RR/MM/DD'),to_date('25/07/11','RR/MM/DD'),1033,10044,592);
Insert into HONESTPICK.REVIEW (REVIEWNO,REVIEWTITLE,REVIEWCONTENT,REVIEWESTIMATION,REVIEWRECOMMENDATION,REVIEWIMAGE,REVIEWREGIDATE,REVIEWUPDATE,STORENO,MEMBERNO,RESNO) values (100079,'어머니 손맛','푸짐하게 나와서 배불리 먹었어요. 가격도 합리적이고 좋습니다.',3,13,'Gorilla.jpg|Gorilla.jpg',to_date('25/07/11','RR/MM/DD'),to_date('25/07/11','RR/MM/DD'),1033,10038,551);
Insert into HONESTPICK.REVIEW (REVIEWNO,REVIEWTITLE,REVIEWCONTENT,REVIEWESTIMATION,REVIEWRECOMMENDATION,REVIEWIMAGE,REVIEWREGIDATE,REVIEWUPDATE,STORENO,MEMBERNO,RESNO) values (100080,'푸짐한 한상차림','정말 맛있게 잘 먹었습니다. 집에서 먹는 것 같은 따뜻한 맛이에요.',3,40,'Duck.jpg|Duck.jpg',to_date('25/07/11','RR/MM/DD'),to_date('25/07/11','RR/MM/DD'),1033,10025,563);
Insert into HONESTPICK.REVIEW (REVIEWNO,REVIEWTITLE,REVIEWCONTENT,REVIEWESTIMATION,REVIEWRECOMMENDATION,REVIEWIMAGE,REVIEWREGIDATE,REVIEWUPDATE,STORENO,MEMBERNO,RESNO) values (100081,'추천하는 식당','괜찮은 맛집이에요. 추천합니다.',3,3,'Moomin2.jpg|Moomin2.jpg',to_date('25/07/11','RR/MM/DD'),to_date('25/07/11','RR/MM/DD'),1034,10038,621);
Insert into HONESTPICK.REVIEW (REVIEWNO,REVIEWTITLE,REVIEWCONTENT,REVIEWESTIMATION,REVIEWRECOMMENDATION,REVIEWIMAGE,REVIEWREGIDATE,REVIEWUPDATE,STORENO,MEMBERNO,RESNO) values (100082,'좋은 식당','만족스러운 식사였습니다. 재방문 의사 있어요.',2,30,'Moomin.jpg|Moomin.jpg',to_date('25/07/11','RR/MM/DD'),to_date('25/07/11','RR/MM/DD'),1034,10029,569);
Insert into HONESTPICK.REVIEW (REVIEWNO,REVIEWTITLE,REVIEWCONTENT,REVIEWESTIMATION,REVIEWRECOMMENDATION,REVIEWIMAGE,REVIEWREGIDATE,REVIEWUPDATE,STORENO,MEMBERNO,RESNO) values (100083,'만족스러운 식사','음식도 맛있고 서비스도 좋아서 만족스럽습니다.',2,39,'PatrickStar.jpg|PatrickStar.jpg',to_date('25/07/11','RR/MM/DD'),to_date('25/07/11','RR/MM/DD'),1034,10042,610);
Insert into HONESTPICK.REVIEW (REVIEWNO,REVIEWTITLE,REVIEWCONTENT,REVIEWESTIMATION,REVIEWRECOMMENDATION,REVIEWIMAGE,REVIEWREGIDATE,REVIEWUPDATE,STORENO,MEMBERNO,RESNO) values (100084,'만족스러운 식사','괜찮은 맛집이에요. 추천합니다.',4,41,'ToyStory.jpg|ToyStory.jpg',to_date('25/07/11','RR/MM/DD'),to_date('25/07/11','RR/MM/DD'),1034,10046,511);
Insert into HONESTPICK.REVIEW (REVIEWNO,REVIEWTITLE,REVIEWCONTENT,REVIEWESTIMATION,REVIEWRECOMMENDATION,REVIEWIMAGE,REVIEWREGIDATE,REVIEWUPDATE,STORENO,MEMBERNO,RESNO) values (100221,'추천합니다','깔끔한 매장 분위기와 친절한 직원 덕분에 기분 좋은 방문이었습니다.',5,0,'sulbing.jpg|sulbing1.jpg',to_date('25/07/11','RR/MM/DD'),to_date('25/07/11','RR/MM/DD'),1032,10004,552);
Insert into HONESTPICK.REVIEW (REVIEWNO,REVIEWTITLE,REVIEWCONTENT,REVIEWESTIMATION,REVIEWRECOMMENDATION,REVIEWIMAGE,REVIEWREGIDATE,REVIEWUPDATE,STORENO,MEMBERNO,RESNO) values (100038,'간단한 한끼','떡볶이가 정말 맛있어요. 매콤달콤한 맛이 일품입니다.',2,28,'PatrickStar.jpg|PatrickStar.jpg',to_date('25/07/11','RR/MM/DD'),to_date('25/07/11','RR/MM/DD'),1026,10040,614);
Insert into HONESTPICK.REVIEW (REVIEWNO,REVIEWTITLE,REVIEWCONTENT,REVIEWESTIMATION,REVIEWRECOMMENDATION,REVIEWIMAGE,REVIEWREGIDATE,REVIEWUPDATE,STORENO,MEMBERNO,RESNO) values (100045,'만족스러운 식사','깔끔하고 맛있는 식당이에요.',1,30,'Alien.jpg|Alien.jpg',to_date('25/07/11','RR/MM/DD'),to_date('25/07/11','RR/MM/DD'),1028,10045,624);
Insert into HONESTPICK.REVIEW (REVIEWNO,REVIEWTITLE,REVIEWCONTENT,REVIEWESTIMATION,REVIEWRECOMMENDATION,REVIEWIMAGE,REVIEWREGIDATE,REVIEWUPDATE,STORENO,MEMBERNO,RESNO) values (100051,'맛있게 잘 먹었어요','맛있게 잘 먹었습니다. 다음에도 올 것 같아요.',4,5,'Baymax.jpg|Baymax.jpg',to_date('25/07/11','RR/MM/DD'),to_date('25/07/11','RR/MM/DD'),1029,10027,531);
Insert into HONESTPICK.REVIEW (REVIEWNO,REVIEWTITLE,REVIEWCONTENT,REVIEWESTIMATION,REVIEWRECOMMENDATION,REVIEWIMAGE,REVIEWREGIDATE,REVIEWUPDATE,STORENO,MEMBERNO,RESNO) values (100058,'추천하는 식당','깔끔하고 맛있는 식당이에요.',2,28,'Olaf.jpg|Olaf.jpg',to_date('25/07/11','RR/MM/DD'),to_date('25/07/11','RR/MM/DD'),1030,10032,556);
Insert into HONESTPICK.REVIEW (REVIEWNO,REVIEWTITLE,REVIEWCONTENT,REVIEWESTIMATION,REVIEWRECOMMENDATION,REVIEWIMAGE,REVIEWREGIDATE,REVIEWUPDATE,STORENO,MEMBERNO,RESNO) values (100034,'일본 현지 맛','신선한 재료로 만든 정통 일식이에요. 맛도 훌륭합니다.',1,18,'Pooh2.jpg|Pooh2.jpg',to_date('25/07/11','RR/MM/DD'),to_date('25/07/11','RR/MM/DD'),1025,10050,588);
update review set reviewregidate = sysdate;
--------------------------------------------------
-- menu
Insert into HONESTPICK.MENU (MENUNO,MENUNAME,MENUPRICE,MENUIMAGE,MENUDESCRIPTION,MENUREGIDATE,MENUUPDATE,STORENO) values (1,'불고기덮밥','6500','Moomin.jpg|Moomin.jpg','달콤한 불고기와 밥이 어우러진 인기 메뉴입니다',to_date('25/06/10','RR/MM/DD'),to_date('25/06/10','RR/MM/DD'),1003);
Insert into HONESTPICK.MENU (MENUNO,MENUNAME,MENUPRICE,MENUIMAGE,MENUDESCRIPTION,MENUREGIDATE,MENUUPDATE,STORENO) values (2,'치킨마요덮밥','6000','Totoro3.jpg|Totoro3.jpg','바삭한 치킨과 마요네즈가 조화로운 덮밥입니다',to_date('25/06/10','RR/MM/DD'),to_date('25/06/10','RR/MM/DD'),1003);
Insert into HONESTPICK.MENU (MENUNO,MENUNAME,MENUPRICE,MENUIMAGE,MENUDESCRIPTION,MENUREGIDATE,MENUUPDATE,STORENO) values (3,'제육볶음덮밥','6500','Duck2.jpg|Duck2.jpg','매콤달콤한 제육볶음이 올라간 든든한 한 끼',to_date('25/06/10','RR/MM/DD'),to_date('25/06/10','RR/MM/DD'),1003);
Insert into HONESTPICK.MENU (MENUNO,MENUNAME,MENUPRICE,MENUIMAGE,MENUDESCRIPTION,MENUREGIDATE,MENUUPDATE,STORENO) values (4,'김치찌개','5500','Chopper.jpg|Chopper.jpg','얼큰하고 시원한 김치찌개와 밥이 함께 나옵니다',to_date('25/06/10','RR/MM/DD'),to_date('25/06/10','RR/MM/DD'),1003);
Insert into HONESTPICK.MENU (MENUNO,MENUNAME,MENUPRICE,MENUIMAGE,MENUDESCRIPTION,MENUREGIDATE,MENUUPDATE,STORENO) values (5,'양파카레','8500','Jerry.jpg|Jerry.jpg','달콤한 양파가 듬뿍 들어간 시그니처 카레입니다',to_date('25/06/10','RR/MM/DD'),to_date('25/06/10','RR/MM/DD'),1020);
Insert into HONESTPICK.MENU (MENUNO,MENUNAME,MENUPRICE,MENUIMAGE,MENUDESCRIPTION,MENUREGIDATE,MENUUPDATE,STORENO) values (6,'치킨카레','9000','Koala.jpg|Koala.jpg','부드러운 치킨과 진한 카레가 만나는 인기 메뉴',to_date('25/06/10','RR/MM/DD'),to_date('25/06/10','RR/MM/DD'),1020);
Insert into HONESTPICK.MENU (MENUNO,MENUNAME,MENUPRICE,MENUIMAGE,MENUDESCRIPTION,MENUREGIDATE,MENUUPDATE,STORENO) values (7,'새우카레','10000','Florkofcows3.jpg|Florkofcows3.jpg','신선한 새우와 코코넛 향이 일품인 카레입니다',to_date('25/06/10','RR/MM/DD'),to_date('25/06/10','RR/MM/DD'),1020);
Insert into HONESTPICK.MENU (MENUNO,MENUNAME,MENUPRICE,MENUIMAGE,MENUDESCRIPTION,MENUREGIDATE,MENUUPDATE,STORENO) values (8,'야채카레','7500','Totoro4.jpg|Totoro4.jpg','건강한 야채들이 가득한 담백한 카레입니다',to_date('25/06/10','RR/MM/DD'),to_date('25/06/10','RR/MM/DD'),1020);
Insert into HONESTPICK.MENU (MENUNO,MENUNAME,MENUPRICE,MENUIMAGE,MENUDESCRIPTION,MENUREGIDATE,MENUUPDATE,STORENO) values (9,'감자탕','28000','Duck3.jpg|Duck3.jpg','24시간 우린 진한 사골육수로 끓인 진짜 감자탕',to_date('25/06/10','RR/MM/DD'),to_date('25/06/10','RR/MM/DD'),1021);
Insert into HONESTPICK.MENU (MENUNO,MENUNAME,MENUPRICE,MENUIMAGE,MENUDESCRIPTION,MENUREGIDATE,MENUUPDATE,STORENO) values (10,'뼈해장국','12000','Ditto.jpg|Ditto.jpg','얼큰하고 시원한 뼈해장국으로 속풀이 완벽',to_date('25/06/10','RR/MM/DD'),to_date('25/06/10','RR/MM/DD'),1021);
Insert into HONESTPICK.MENU (MENUNO,MENUNAME,MENUPRICE,MENUIMAGE,MENUDESCRIPTION,MENUREGIDATE,MENUUPDATE,STORENO) values (11,'등뼈찜','35000','Miffy.jpg|Miffy.jpg','매콤달콤한 양념으로 찐 부드러운 등뼈찜',to_date('25/06/10','RR/MM/DD'),to_date('25/06/10','RR/MM/DD'),1021);
Insert into HONESTPICK.MENU (MENUNO,MENUNAME,MENUPRICE,MENUIMAGE,MENUDESCRIPTION,MENUREGIDATE,MENUUPDATE,STORENO) values (12,'순대국','11000','Gorilla.jpg|Gorilla.jpg','진한 국물과 쫄깃한 순대가 일품인 따뜻한 국밥',to_date('25/06/10','RR/MM/DD'),to_date('25/06/10','RR/MM/DD'),1021);
Insert into HONESTPICK.MENU (MENUNO,MENUNAME,MENUPRICE,MENUIMAGE,MENUDESCRIPTION,MENUREGIDATE,MENUUPDATE,STORENO) values (13,'아메리카노','4100','Jerry3.jpg|Jerry3.jpg','깔끔하고 진한 에스프레소의 본연의 맛을 느낄 수 있습니다',to_date('25/06/10','RR/MM/DD'),to_date('25/06/10','RR/MM/DD'),1022);
Insert into HONESTPICK.MENU (MENUNO,MENUNAME,MENUPRICE,MENUIMAGE,MENUDESCRIPTION,MENUREGIDATE,MENUUPDATE,STORENO) values (14,'카페라떼','4600','Aladdin.jpg|Aladdin.jpg','부드러운 우유와 진한 에스프레소의 완벽한 조화',to_date('25/06/10','RR/MM/DD'),to_date('25/06/10','RR/MM/DD'),1022);
Insert into HONESTPICK.MENU (MENUNO,MENUNAME,MENUPRICE,MENUIMAGE,MENUDESCRIPTION,MENUREGIDATE,MENUUPDATE,STORENO) values (15,'카라멜 마키아또','5600','Pochacco3.jpg|Pochacco3.jpg','달콤한 카라멜과 에스프레소가 만나는 인기 음료',to_date('25/06/10','RR/MM/DD'),to_date('25/06/10','RR/MM/DD'),1022);
Insert into HONESTPICK.MENU (MENUNO,MENUNAME,MENUPRICE,MENUIMAGE,MENUDESCRIPTION,MENUREGIDATE,MENUUPDATE,STORENO) values (16,'자바칩 프라푸치노','6100','Pooh3.jpg|Pooh3.jpg','시원한 얼음과 초콜릿 칩이 어우러진 시그니처 음료',to_date('25/06/10','RR/MM/DD'),to_date('25/06/10','RR/MM/DD'),1022);
Insert into HONESTPICK.MENU (MENUNO,MENUNAME,MENUPRICE,MENUIMAGE,MENUDESCRIPTION,MENUREGIDATE,MENUUPDATE,STORENO) values (17,'짜장면','7000','Baymax.jpg|Baymax.jpg','진한 춘장으로 만든 정통 중국식 짜장면입니다',to_date('25/06/10','RR/MM/DD'),to_date('25/06/10','RR/MM/DD'),1023);
Insert into HONESTPICK.MENU (MENUNO,MENUNAME,MENUPRICE,MENUIMAGE,MENUDESCRIPTION,MENUREGIDATE,MENUUPDATE,STORENO) values (18,'짬뽕','8000','Totoro2.jpg|Totoro2.jpg','얼큰하고 시원한 국물이 일품인 해물 짬뽕',to_date('25/06/10','RR/MM/DD'),to_date('25/06/10','RR/MM/DD'),1023);
Insert into HONESTPICK.MENU (MENUNO,MENUNAME,MENUPRICE,MENUIMAGE,MENUDESCRIPTION,MENUREGIDATE,MENUUPDATE,STORENO) values (19,'탕수육','18000','Florkofcows2.jpg|Florkofcows2.jpg','바삭한 튀김옷과 새콤달콤한 소스가 매력적인 요리',to_date('25/06/10','RR/MM/DD'),to_date('25/06/10','RR/MM/DD'),1023);
Insert into HONESTPICK.MENU (MENUNO,MENUNAME,MENUPRICE,MENUIMAGE,MENUDESCRIPTION,MENUREGIDATE,MENUUPDATE,STORENO) values (20,'볶음밥','8500','Totoro6.jpg|Totoro6.jpg','고소한 계란과 각종 재료가 들어간 볶음밥',to_date('25/06/10','RR/MM/DD'),to_date('25/06/10','RR/MM/DD'),1023);
Insert into HONESTPICK.MENU (MENUNO,MENUNAME,MENUPRICE,MENUIMAGE,MENUDESCRIPTION,MENUREGIDATE,MENUUPDATE,STORENO) values (21,'크루아상','2500','Boo.jpg|Boo.jpg','버터가 겹겹이 들어간 바삭하고 고소한 프랑스 빵',to_date('25/06/10','RR/MM/DD'),to_date('25/06/10','RR/MM/DD'),1024);
Insert into HONESTPICK.MENU (MENUNO,MENUNAME,MENUPRICE,MENUIMAGE,MENUDESCRIPTION,MENUREGIDATE,MENUUPDATE,STORENO) values (22,'단팥빵','2200','Chopper.jpg|Chopper.jpg','달콤한 팥앙금이 가득 들어간 부드러운 빵',to_date('25/06/10','RR/MM/DD'),to_date('25/06/10','RR/MM/DD'),1024);
Insert into HONESTPICK.MENU (MENUNO,MENUNAME,MENUPRICE,MENUIMAGE,MENUDESCRIPTION,MENUREGIDATE,MENUUPDATE,STORENO) values (23,'초콜릿케이크','18000','Totoro4.jpg|Totoro4.jpg','진한 초콜릿이 매력적인 촉촉한 생일케이크',to_date('25/06/10','RR/MM/DD'),to_date('25/06/10','RR/MM/DD'),1024);
Insert into HONESTPICK.MENU (MENUNO,MENUNAME,MENUPRICE,MENUIMAGE,MENUDESCRIPTION,MENUREGIDATE,MENUUPDATE,STORENO) values (24,'소금빵','1800','Moomin.jpg|Moomin.jpg','겉은 바삭하고 속은 촉촉한 고소한 소금빵',to_date('25/06/10','RR/MM/DD'),to_date('25/06/10','RR/MM/DD'),1024);
Insert into HONESTPICK.MENU (MENUNO,MENUNAME,MENUPRICE,MENUIMAGE,MENUDESCRIPTION,MENUREGIDATE,MENUUPDATE,STORENO) values (25,'연어초밥','2500','Jerry.jpg|Jerry.jpg','신선한 노르웨이산 연어로 만든 부드러운 초밥',to_date('25/06/10','RR/MM/DD'),to_date('25/06/10','RR/MM/DD'),1025);
Insert into HONESTPICK.MENU (MENUNO,MENUNAME,MENUPRICE,MENUIMAGE,MENUDESCRIPTION,MENUREGIDATE,MENUUPDATE,STORENO) values (26,'참치초밥','3000','TomAndJerry2.jpg|TomAndJerry2.jpg','고급 참치살로 만든 입에서 녹는 초밥',to_date('25/06/10','RR/MM/DD'),to_date('25/06/10','RR/MM/DD'),1025);
Insert into HONESTPICK.MENU (MENUNO,MENUNAME,MENUPRICE,MENUIMAGE,MENUDESCRIPTION,MENUREGIDATE,MENUUPDATE,STORENO) values (27,'새우튀김초밥','2200','Genie.jpg|Genie.jpg','바삭한 새우튀김이 올라간 인기 초밥 메뉴',to_date('25/06/10','RR/MM/DD'),to_date('25/06/10','RR/MM/DD'),1025);
Insert into HONESTPICK.MENU (MENUNO,MENUNAME,MENUPRICE,MENUIMAGE,MENUDESCRIPTION,MENUREGIDATE,MENUUPDATE,STORENO) values (28,'우동','6500','Jerry2.jpg|Jerry2.jpg','따뜻하고 진한 국물의 일본식 우동 면 요리',to_date('25/06/10','RR/MM/DD'),to_date('25/06/10','RR/MM/DD'),1025);
Insert into HONESTPICK.MENU (MENUNO,MENUNAME,MENUPRICE,MENUIMAGE,MENUDESCRIPTION,MENUREGIDATE,MENUUPDATE,STORENO) values (29,'김밥','3500','Aladdin.jpg|Aladdin.jpg','신선한 재료로 정성스럽게 만든 기본 김밥',to_date('25/06/10','RR/MM/DD'),to_date('25/06/10','RR/MM/DD'),1026);
Insert into HONESTPICK.MENU (MENUNO,MENUNAME,MENUPRICE,MENUIMAGE,MENUDESCRIPTION,MENUREGIDATE,MENUUPDATE,STORENO) values (30,'라면','4000','Ditto.jpg|Ditto.jpg','얼큰하고 따뜻한 라면으로 간단한 한 끼 식사',to_date('25/06/10','RR/MM/DD'),to_date('25/06/10','RR/MM/DD'),1026);
Insert into HONESTPICK.MENU (MENUNO,MENUNAME,MENUPRICE,MENUIMAGE,MENUDESCRIPTION,MENUREGIDATE,MENUUPDATE,STORENO) values (31,'떡볶이','4500','Pooh3.jpg|Pooh3.jpg','쫄깃한 떡과 어묵이 들어간 매콤달콤한 떡볶이',to_date('25/06/10','RR/MM/DD'),to_date('25/06/10','RR/MM/DD'),1026);
Insert into HONESTPICK.MENU (MENUNO,MENUNAME,MENUPRICE,MENUIMAGE,MENUDESCRIPTION,MENUREGIDATE,MENUUPDATE,STORENO) values (32,'순대','5000','TomAndJerry2.jpg|TomAndJerry2.jpg','쫄깃하고 고소한 순대와 따뜻한 국물이 일품',to_date('25/06/10','RR/MM/DD'),to_date('25/06/10','RR/MM/DD'),1026);
Insert into HONESTPICK.MENU (MENUNO,MENUNAME,MENUPRICE,MENUIMAGE,MENUDESCRIPTION,MENUREGIDATE,MENUUPDATE,STORENO) values (33,'립아이 스테이크','32000','libeye.jpg|libeye.jpg','부드럽고 육즙이 풍부한 프리미엄 스테이크',to_date('25/06/10','RR/MM/DD'),to_date('25/06/10','RR/MM/DD'),1027);
Insert into HONESTPICK.MENU (MENUNO,MENUNAME,MENUPRICE,MENUIMAGE,MENUDESCRIPTION,MENUREGIDATE,MENUUPDATE,STORENO) values (34,'블루밍 어니언','12000','onion.jpg|onion.jpg','바삭하게 튀긴 양파꽃과 특제 소스의 시그니처 메뉴',to_date('25/06/10','RR/MM/DD'),to_date('25/06/10','RR/MM/DD'),1027);
Insert into HONESTPICK.MENU (MENUNO,MENUNAME,MENUPRICE,MENUIMAGE,MENUDESCRIPTION,MENUREGIDATE,MENUUPDATE,STORENO) values (35,'치킨 텐더','18000','chicken.jpg|chicken.jpg','부드럽고 바삭한 치킨 텐더와 허니 머스타드 소스',to_date('25/06/10','RR/MM/DD'),to_date('25/06/10','RR/MM/DD'),1027);
Insert into HONESTPICK.MENU (MENUNO,MENUNAME,MENUPRICE,MENUIMAGE,MENUDESCRIPTION,MENUREGIDATE,MENUUPDATE,STORENO) values (36,'시저 샐러드','14000','salad.jpg|salad.jpg','신선한 로메인과 크루통이 어우러진 건강한 샐러드',to_date('25/06/10','RR/MM/DD'),to_date('25/06/10','RR/MM/DD'),1027);
Insert into HONESTPICK.MENU (MENUNO,MENUNAME,MENUPRICE,MENUIMAGE,MENUDESCRIPTION,MENUREGIDATE,MENUUPDATE,STORENO) values (37,'생맥주','4500','Boo.jpg|Boo.jpg','시원하고 깔끔한 생맥주로 목포 바다를 감상하세요',to_date('25/06/10','RR/MM/DD'),to_date('25/06/10','RR/MM/DD'),1028);
Insert into HONESTPICK.MENU (MENUNO,MENUNAME,MENUPRICE,MENUIMAGE,MENUDESCRIPTION,MENUREGIDATE,MENUUPDATE,STORENO) values (38,'회무침','25000','Piglet.jpg|Piglet.jpg','싱싱한 횟감과 야채가 어우러진 매콤한 회무침',to_date('25/06/10','RR/MM/DD'),to_date('25/06/10','RR/MM/DD'),1028);
Insert into HONESTPICK.MENU (MENUNO,MENUNAME,MENUPRICE,MENUIMAGE,MENUDESCRIPTION,MENUREGIDATE,MENUUPDATE,STORENO) values (40,'소주','4000','Ditto.jpg|Ditto.jpg','깔끔한 소주 한 잔으로 바다 정취를 만끽하세요',to_date('25/06/10','RR/MM/DD'),to_date('25/06/10','RR/MM/DD'),1028);
Insert into HONESTPICK.MENU (MENUNO,MENUNAME,MENUPRICE,MENUIMAGE,MENUDESCRIPTION,MENUREGIDATE,MENUUPDATE,STORENO) values (41,'쌀국수','9000','Calcifer.jpg|Calcifer.jpg','진한 사골육수와 쌀면이 어우러진 정통 베트남 쌀국수',to_date('25/06/10','RR/MM/DD'),to_date('25/06/10','RR/MM/DD'),1029);
Insert into HONESTPICK.MENU (MENUNO,MENUNAME,MENUPRICE,MENUIMAGE,MENUDESCRIPTION,MENUREGIDATE,MENUUPDATE,STORENO) values (42,'파인애플 볶음밥','12000','Koala.jpg|Koala.jpg','달콤한 파인애플과 새우가 들어간 이국적인 볶음밥',to_date('25/06/10','RR/MM/DD'),to_date('25/06/10','RR/MM/DD'),1029);
Insert into HONESTPICK.MENU (MENUNO,MENUNAME,MENUPRICE,MENUIMAGE,MENUDESCRIPTION,MENUREGIDATE,MENUUPDATE,STORENO) values (43,'월남쌈','8000','Calcifer.jpg|Calcifer.jpg','신선한 야채와 새우가 들어간 건강한 월남쌈',to_date('25/06/10','RR/MM/DD'),to_date('25/06/10','RR/MM/DD'),1029);
Insert into HONESTPICK.MENU (MENUNO,MENUNAME,MENUPRICE,MENUIMAGE,MENUDESCRIPTION,MENUREGIDATE,MENUUPDATE,STORENO) values (44,'분짜','10000','MrCoffee.jpg|MrCoffee.jpg','숯불에 구운 돼지고기와 쌀국수가 만나는 베트남 요리',to_date('25/06/10','RR/MM/DD'),to_date('25/06/10','RR/MM/DD'),1029);
Insert into HONESTPICK.MENU (MENUNO,MENUNAME,MENUPRICE,MENUIMAGE,MENUDESCRIPTION,MENUREGIDATE,MENUUPDATE,STORENO) values (45,'단백질 샐러드','11000','Duck.jpg|Duck.jpg','닭가슴살과 신선한 야채가 듬뿍 들어간 건강한 샐러드',to_date('25/06/10','RR/MM/DD'),to_date('25/06/10','RR/MM/DD'),1030);
Insert into HONESTPICK.MENU (MENUNO,MENUNAME,MENUPRICE,MENUIMAGE,MENUDESCRIPTION,MENUREGIDATE,MENUUPDATE,STORENO) values (47,'시저 샐러드','9000','Pochacco3.jpg|Pochacco3.jpg','로메인과 파마산 치즈가 들어간 클래식 샐러드',to_date('25/06/10','RR/MM/DD'),to_date('25/06/10','RR/MM/DD'),1030);
Insert into HONESTPICK.MENU (MENUNO,MENUNAME,MENUPRICE,MENUIMAGE,MENUDESCRIPTION,MENUREGIDATE,MENUUPDATE,STORENO) values (48,'그린 디톡스','8500','Jerry.jpg|Jerry.jpg','케일과 시금치 등 녹색 채소로만 만든 디톡스 샐러드',to_date('25/06/10','RR/MM/DD'),to_date('25/06/10','RR/MM/DD'),1030);
Insert into HONESTPICK.MENU (MENUNO,MENUNAME,MENUPRICE,MENUIMAGE,MENUDESCRIPTION,MENUREGIDATE,MENUUPDATE,STORENO) values (49,'씨앗호떡','2500','Moomin2.jpg|Moomin2.jpg','바삭한 겉면과 달콤한 씨앗이 들어간 전통 호떡',to_date('25/06/10','RR/MM/DD'),to_date('25/06/10','RR/MM/DD'),1031);
Insert into HONESTPICK.MENU (MENUNO,MENUNAME,MENUPRICE,MENUIMAGE,MENUDESCRIPTION,MENUREGIDATE,MENUUPDATE,STORENO) values (50,'견과류호떡','3000','Minions.jpg|Minions.jpg','고소한 견과류가 가득 들어간 영양만점 호떡',to_date('25/06/10','RR/MM/DD'),to_date('25/06/10','RR/MM/DD'),1031);
Insert into HONESTPICK.MENU (MENUNO,MENUNAME,MENUPRICE,MENUIMAGE,MENUDESCRIPTION,MENUREGIDATE,MENUUPDATE,STORENO) values (51,'치즈호떡','3500','Crab.jpg|Crab.jpg','쫄깃한 치즈가 늘어나는 인기 간식 메뉴',to_date('25/06/10','RR/MM/DD'),to_date('25/06/10','RR/MM/DD'),1031);
Insert into HONESTPICK.MENU (MENUNO,MENUNAME,MENUPRICE,MENUIMAGE,MENUDESCRIPTION,MENUREGIDATE,MENUUPDATE,STORENO) values (52,'팥호떡','2500','Shin.jpg|Shin.jpg','달콤한 팥앙금이 들어간 따뜻한 전통 호떡',to_date('25/06/10','RR/MM/DD'),to_date('25/06/10','RR/MM/DD'),1031);
Insert into HONESTPICK.MENU (MENUNO,MENUNAME,MENUPRICE,MENUIMAGE,MENUDESCRIPTION,MENUREGIDATE,MENUUPDATE,STORENO) values (54,'망고 빙수','13000','manggo.png|manggo.png','달콤한 망고와 연유가 어우러진 여름 인기 메뉴',to_date('25/06/10','RR/MM/DD'),to_date('25/06/10','RR/MM/DD'),1032);
Insert into HONESTPICK.MENU (MENUNO,MENUNAME,MENUPRICE,MENUIMAGE,MENUDESCRIPTION,MENUREGIDATE,MENUUPDATE,STORENO) values (55,'붕어빵','3000','bung.png|bung.png','겨울철 인기 간식인 따뜻한 팥 붕어빵',to_date('25/06/10','RR/MM/DD'),to_date('25/06/10','RR/MM/DD'),1032);
Insert into HONESTPICK.MENU (MENUNO,MENUNAME,MENUPRICE,MENUIMAGE,MENUDESCRIPTION,MENUREGIDATE,MENUUPDATE,STORENO) values (56,'토스트','6000','toast.png|toast.png','바삭한 식빵에 달콤한 크림이 들어간 디저트 토스트',to_date('25/06/10','RR/MM/DD'),to_date('25/06/10','RR/MM/DD'),1032);
Insert into HONESTPICK.MENU (MENUNO,MENUNAME,MENUPRICE,MENUIMAGE,MENUDESCRIPTION,MENUREGIDATE,MENUUPDATE,STORENO) values (57,'백반정식','8000','Pooh2.jpg|Pooh2.jpg','정갈한 반찬들과 따뜻한 밥이 함께 나오는 한식 정식',to_date('25/06/10','RR/MM/DD'),to_date('25/06/10','RR/MM/DD'),1033);
Insert into HONESTPICK.MENU (MENUNO,MENUNAME,MENUPRICE,MENUIMAGE,MENUDESCRIPTION,MENUREGIDATE,MENUUPDATE,STORENO) values (59,'된장찌개정식','8000','Shin.jpg|Shin.jpg','구수한 된장찌개와 정성스러운 반찬들의 조화',to_date('25/06/10','RR/MM/DD'),to_date('25/06/10','RR/MM/DD'),1033);
Insert into HONESTPICK.MENU (MENUNO,MENUNAME,MENUPRICE,MENUIMAGE,MENUDESCRIPTION,MENUREGIDATE,MENUUPDATE,STORENO) values (60,'제육볶음정식','9000','Olaf.jpg|Olaf.jpg','매콤달콤한 제육볶음과 신선한 반찬들이 함께 나옵니다',to_date('25/06/10','RR/MM/DD'),to_date('25/06/10','RR/MM/DD'),1033);
Insert into HONESTPICK.MENU (MENUNO,MENUNAME,MENUPRICE,MENUIMAGE,MENUDESCRIPTION,MENUREGIDATE,MENUUPDATE,STORENO) values (61,'아메리카노','1900','americano.jpg|americano.jpg','저렴한 가격으로 즐기는 진한 에스프레소의 깔끔한 맛',to_date('25/06/10','RR/MM/DD'),to_date('25/06/10','RR/MM/DD'),1034);
Insert into HONESTPICK.MENU (MENUNO,MENUNAME,MENUPRICE,MENUIMAGE,MENUDESCRIPTION,MENUREGIDATE,MENUUPDATE,STORENO) values (62,'카페라떼','2400','cafe_latte.jpg|cafe_latte.jpg','부드러운 우유 거품과 에스프레소의 완벽한 조화',to_date('25/06/10','RR/MM/DD'),to_date('25/06/10','RR/MM/DD'),1034);
Insert into HONESTPICK.MENU (MENUNO,MENUNAME,MENUPRICE,MENUIMAGE,MENUDESCRIPTION,MENUREGIDATE,MENUUPDATE,STORENO) values (63,'바닐라라떼','2900','vanilla_latte.jpg|vanilla_latte.jpg','달콤한 바닐라 시럽이 들어간 부드러운 라떼',to_date('25/06/10','RR/MM/DD'),to_date('25/06/10','RR/MM/DD'),1034);
Insert into HONESTPICK.MENU (MENUNO,MENUNAME,MENUPRICE,MENUIMAGE,MENUDESCRIPTION,MENUREGIDATE,MENUUPDATE,STORENO) values (64,'아이스티','2200','iced_tea.jpg|iced_tea.jpg','상큼하고 시원한 레몬 아이스티로 갈증 해소',to_date('25/06/10','RR/MM/DD'),to_date('25/06/10','RR/MM/DD'),1034);
Insert into HONESTPICK.MENU (MENUNO,MENUNAME,MENUPRICE,MENUIMAGE,MENUDESCRIPTION,MENUREGIDATE,MENUUPDATE,STORENO) values (39,'오징어튀김','15000','Snoopy.jpg|Snoopy.jpg','바삭하게 튀긴 오징어와 특제 소스가 일품인 안주',to_date('25/06/10','RR/MM/DD'),to_date('25/06/10','RR/MM/DD'),1028);
Insert into HONESTPICK.MENU (MENUNO,MENUNAME,MENUPRICE,MENUIMAGE,MENUDESCRIPTION,MENUREGIDATE,MENUUPDATE,STORENO) values (46,'아보카도 샐러드','10000','Alien.jpg|Alien.jpg','부드러운 아보카도와 견과류가 어우러진 영양 샐러드',to_date('25/06/10','RR/MM/DD'),to_date('25/06/10','RR/MM/DD'),1030);
Insert into HONESTPICK.MENU (MENUNO,MENUNAME,MENUPRICE,MENUIMAGE,MENUDESCRIPTION,MENUREGIDATE,MENUUPDATE,STORENO) values (53,'인절미 설빙','12000','sulbing.png|sulbing.png','쫄깃한 인절미와 팥이 올라간 시그니처 빙수',to_date('25/06/10','RR/MM/DD'),to_date('25/06/10','RR/MM/DD'),1032);
Insert into HONESTPICK.MENU (MENUNO,MENUNAME,MENUPRICE,MENUIMAGE,MENUDESCRIPTION,MENUREGIDATE,MENUUPDATE,STORENO) values (58,'김치찌개정식','8500','TomAndJerry.jpg|TomAndJerry.jpg','얼큰한 김치찌개와 다양한 반찬이 함께하는 든든한 한 끼',to_date('25/06/10','RR/MM/DD'),to_date('25/06/10','RR/MM/DD'),1033);
Insert into HONESTPICK.MENU (MENUNO,MENUNAME,MENUPRICE,MENUIMAGE,MENUDESCRIPTION,MENUREGIDATE,MENUUPDATE,STORENO) values (67,'오리지널 떡볶이','14000','ori_change.png|ori_change1.png','처음이라면 무조건 오리지널!',to_date('25/07/02','RR/MM/DD'),to_date('25/07/02','RR/MM/DD'),1054);
--------------------------------------------------
-- inquiry
Insert into HONESTPICK.INQUIRY (INQUIRYNO,MEMBERNO,INQUIRYTYPE,INQUIRYCONTENT,INQUIRYREGIDATE,INQUIRYUPDATE,INQUIRYCHECK) values (2,10034,'리뷰','리뷰 삭제가 안돼요',to_date('25/05/01','RR/MM/DD'),to_date('25/07/02','RR/MM/DD'),'YES');
Insert into HONESTPICK.INQUIRY (INQUIRYNO,MEMBERNO,INQUIRYTYPE,INQUIRYCONTENT,INQUIRYREGIDATE,INQUIRYUPDATE,INQUIRYCHECK) values (3,10027,'음식점','메뉴 정보가 달라요',to_date('25/05/03','RR/MM/DD'),to_date('25/07/02','RR/MM/DD'),'YES');
Insert into HONESTPICK.INQUIRY (INQUIRYNO,MEMBERNO,INQUIRYTYPE,INQUIRYCONTENT,INQUIRYREGIDATE,INQUIRYUPDATE,INQUIRYCHECK) values (4,10045,'결제','결제가 두 번 됐어요',to_date('25/05/06','RR/MM/DD'),to_date('25/07/02','RR/MM/DD'),'YES');
Insert into HONESTPICK.INQUIRY (INQUIRYNO,MEMBERNO,INQUIRYTYPE,INQUIRYCONTENT,INQUIRYREGIDATE,INQUIRYUPDATE,INQUIRYCHECK) values (5,10022,'제휴','제휴 조건이 궁금해요',to_date('25/05/09','RR/MM/DD'),to_date('25/07/02','RR/MM/DD'),'YES');
Insert into HONESTPICK.INQUIRY (INQUIRYNO,MEMBERNO,INQUIRYTYPE,INQUIRYCONTENT,INQUIRYREGIDATE,INQUIRYUPDATE,INQUIRYCHECK) values (6,10039,'계정','비밀번호를 잊었어요',to_date('25/05/11','RR/MM/DD'),to_date('25/07/02','RR/MM/DD'),'YES');
Insert into HONESTPICK.INQUIRY (INQUIRYNO,MEMBERNO,INQUIRYTYPE,INQUIRYCONTENT,INQUIRYREGIDATE,INQUIRYUPDATE,INQUIRYCHECK) values (7,10029,'편의','다크모드가 있었으면',to_date('25/05/13','RR/MM/DD'),to_date('25/07/02','RR/MM/DD'),'YES');
Insert into HONESTPICK.INQUIRY (INQUIRYNO,MEMBERNO,INQUIRYTYPE,INQUIRYCONTENT,INQUIRYREGIDATE,INQUIRYUPDATE,INQUIRYCHECK) values (8,10050,'기타','문의할게 있어요',to_date('25/05/15','RR/MM/DD'),to_date('25/07/02','RR/MM/DD'),'YES');
Insert into HONESTPICK.INQUIRY (INQUIRYNO,MEMBERNO,INQUIRYTYPE,INQUIRYCONTENT,INQUIRYREGIDATE,INQUIRYUPDATE,INQUIRYCHECK) values (9,10024,'예약','예약이 안돼요',to_date('25/05/18','RR/MM/DD'),to_date('25/07/02','RR/MM/DD'),'YES');
Insert into HONESTPICK.INQUIRY (INQUIRYNO,MEMBERNO,INQUIRYTYPE,INQUIRYCONTENT,INQUIRYREGIDATE,INQUIRYUPDATE,INQUIRYCHECK) values (10,10043,'기술','버그가 발견됐어요',to_date('25/05/21','RR/MM/DD'),to_date('25/07/02','RR/MM/DD'),'YES');
Insert into HONESTPICK.INQUIRY (INQUIRYNO,MEMBERNO,INQUIRYTYPE,INQUIRYCONTENT,INQUIRYREGIDATE,INQUIRYUPDATE,INQUIRYCHECK) values (11,10026,'점주','사업자 등록 변경요청',to_date('25/05/24','RR/MM/DD'),to_date('25/07/02','RR/MM/DD'),'YES');
Insert into HONESTPICK.INQUIRY (INQUIRYNO,MEMBERNO,INQUIRYTYPE,INQUIRYCONTENT,INQUIRYREGIDATE,INQUIRYUPDATE,INQUIRYCHECK) values (12,10038,'리뷰','리뷰 수정이 안돼요',to_date('25/05/28','RR/MM/DD'),to_date('25/07/02','RR/MM/DD'),'YES');
Insert into HONESTPICK.INQUIRY (INQUIRYNO,MEMBERNO,INQUIRYTYPE,INQUIRYCONTENT,INQUIRYREGIDATE,INQUIRYUPDATE,INQUIRYCHECK) values (13,10030,'제휴','광고 문의 드립니다',to_date('25/06/01','RR/MM/DD'),to_date('25/07/02','RR/MM/DD'),'YES');
Insert into HONESTPICK.INQUIRY (INQUIRYNO,MEMBERNO,INQUIRYTYPE,INQUIRYCONTENT,INQUIRYREGIDATE,INQUIRYUPDATE,INQUIRYCHECK) values (14,10046,'결제','영수증이 필요해요',to_date('25/06/04','RR/MM/DD'),to_date('25/07/02','RR/MM/DD'),'YES');
Insert into HONESTPICK.INQUIRY (INQUIRYNO,MEMBERNO,INQUIRYTYPE,INQUIRYCONTENT,INQUIRYREGIDATE,INQUIRYUPDATE,INQUIRYCHECK) values (15,10025,'음식점','운영시간이 달라요',to_date('25/06/08','RR/MM/DD'),to_date('25/07/02','RR/MM/DD'),'YES');
Insert into HONESTPICK.INQUIRY (INQUIRYNO,MEMBERNO,INQUIRYTYPE,INQUIRYCONTENT,INQUIRYREGIDATE,INQUIRYUPDATE,INQUIRYCHECK) values (16,10048,'기술','앱이 자주 꺼져요',to_date('25/06/12','RR/MM/DD'),to_date('25/07/02','RR/MM/DD'),'YES');
Insert into HONESTPICK.INQUIRY (INQUIRYNO,MEMBERNO,INQUIRYTYPE,INQUIRYCONTENT,INQUIRYREGIDATE,INQUIRYUPDATE,INQUIRYCHECK) values (17,10032,'계정','이메일 변경해주세요',to_date('25/06/16','RR/MM/DD'),to_date('25/07/02','RR/MM/DD'),'YES');
Insert into HONESTPICK.INQUIRY (INQUIRYNO,MEMBERNO,INQUIRYTYPE,INQUIRYCONTENT,INQUIRYREGIDATE,INQUIRYUPDATE,INQUIRYCHECK) values (18,10021,'편의','지도 연동이 안돼요',to_date('25/06/20','RR/MM/DD'),to_date('25/07/02','RR/MM/DD'),'YES');
Insert into HONESTPICK.INQUIRY (INQUIRYNO,MEMBERNO,INQUIRYTYPE,INQUIRYCONTENT,INQUIRYREGIDATE,INQUIRYUPDATE,INQUIRYCHECK) values (19,10041,'예약','예약취소가 안돼요',to_date('25/06/25','RR/MM/DD'),to_date('25/07/02','RR/MM/DD'),'YES');
Insert into HONESTPICK.INQUIRY (INQUIRYNO,MEMBERNO,INQUIRYTYPE,INQUIRYCONTENT,INQUIRYREGIDATE,INQUIRYUPDATE,INQUIRYCHECK) values (20,10028,'점주','리뷰 관리가 어려워요',to_date('25/06/28','RR/MM/DD'),to_date('25/07/02','RR/MM/DD'),'NO');
Insert into HONESTPICK.INQUIRY (INQUIRYNO,MEMBERNO,INQUIRYTYPE,INQUIRYCONTENT,INQUIRYREGIDATE,INQUIRYUPDATE,INQUIRYCHECK) values (21,10035,'기타','기타 문의사항 있어요',to_date('25/07/02','RR/MM/DD'),to_date('25/07/02','RR/MM/DD'),'NO');
Insert into HONESTPICK.INQUIRY (INQUIRYNO,MEMBERNO,INQUIRYTYPE,INQUIRYCONTENT,INQUIRYREGIDATE,INQUIRYUPDATE,INQUIRYCHECK) values (23,10004,'제휴','안녕하세요 청바지 브랜드를 운영하고 있는데, 귀사 웹사이트에 광고 게재가 가능한지 궁금하여 문의 드립니다.',to_date('25/07/02','RR/MM/DD'),to_date('25/07/02','RR/MM/DD'),'YES');
--------------------------------------------------
-- advertisement
Insert into HONESTPICK.ADVERTISEMENT (ADNO,ADTITLE,ADIMAGE,ADREGIDATE,ADSTARTDATE,ADENDDATE,DESCRIPTION) values (5004,'크록스','crocs.jpg|crocs.jpg',to_date('25/07/01','RR/MM/DD'),to_date('25/07/02','RR/MM/DD'),to_date('25/07/10','RR/MM/DD'),'어디서든, 언제든. 발끝에서부터 자유로움을 느껴보세요.');
Insert into HONESTPICK.ADVERTISEMENT (ADNO,ADTITLE,ADIMAGE,ADREGIDATE,ADSTARTDATE,ADENDDATE,DESCRIPTION) values (5002,'선글라스','sunglass.jpg|sunglass.jpg',to_date('25/07/01','RR/MM/DD'),to_date('25/07/02','RR/MM/DD'),to_date('25/07/04','RR/MM/DD'),'햇빛을 차단하고, 스타일은 더하다.');
Insert into HONESTPICK.ADVERTISEMENT (ADNO,ADTITLE,ADIMAGE,ADREGIDATE,ADSTARTDATE,ADENDDATE,DESCRIPTION) values (5003,'mlb','mlb_cap.jpg|mlb_cap.jpg',to_date('25/07/01','RR/MM/DD'),to_date('25/07/02','RR/MM/DD'),to_date('26/07/04','RR/MM/DD'),'단순한 액세서리가 아닌, 나만의 스토리를 담은 모자.');
Insert into HONESTPICK.ADVERTISEMENT (ADNO,ADTITLE,ADIMAGE,ADREGIDATE,ADSTARTDATE,ADENDDATE,DESCRIPTION) values (5005,'청바지','jean.jpg|jean.jpg',to_date('25/07/02','RR/MM/DD'),to_date('25/07/04','RR/MM/DD'),to_date('25/08/03','RR/MM/DD'),'매일 손이가는 데일리 데님');